-- --------------------------------------------------------
-- Host:                         127.0.0.1
-- Versione server:              10.1.25-MariaDB - mariadb.org binary distribution
-- S.O. server:                  Win32
-- HeidiSQL Versione:            9.4.0.5125
-- --------------------------------------------------------

/*!40101 SET @OLD_CHARACTER_SET_CLIENT=@@CHARACTER_SET_CLIENT */;
/*!40101 SET NAMES utf8 */;
/*!50503 SET NAMES utf8mb4 */;
/*!40014 SET @OLD_FOREIGN_KEY_CHECKS=@@FOREIGN_KEY_CHECKS, FOREIGN_KEY_CHECKS=0 */;
/*!40101 SET @OLD_SQL_MODE=@@SQL_MODE, SQL_MODE='NO_AUTO_VALUE_ON_ZERO' */;


-- Dump della struttura del database timetable
CREATE DATABASE IF NOT EXISTS `timetable` /*!40100 DEFAULT CHARACTER SET latin1 */;
USE `timetable`;

-- Dump della struttura di tabella timetable.class
CREATE TABLE IF NOT EXISTS `class` (
  `schoolID` varchar(7) NOT NULL,
  `classID` varchar(7) NOT NULL,
  `grade` int(1) NOT NULL,
  `section` char(1) NOT NULL,
  `courseID` varchar(7) DEFAULT NULL,
  PRIMARY KEY (`schoolID`,`classID`),
  KEY `FK_class_course` (`schoolID`,`courseID`),
  CONSTRAINT `FK_class_course` FOREIGN KEY (`schoolID`, `courseID`) REFERENCES `course` (`schoolID`, `courseID`)
) ENGINE=InnoDB DEFAULT CHARSET=latin1;

-- Dump dei dati della tabella timetable.class: ~63 rows (circa)
/*!40000 ALTER TABLE `class` DISABLE KEYS */;
INSERT INTO `class` (`schoolID`, `classID`, `grade`, `section`, `courseID`) VALUES
	('SCH001', 'CLS1A', 1, 'A', 'CRS001'),
	('SCH001', 'CLS1B', 1, 'B', 'CRS007'),
	('SCH001', 'CLS1C', 1, 'C', 'CRS001'),
	('SCH001', 'CLS1D', 1, 'D', 'CRS007'),
	('SCH001', 'CLS1E', 1, 'E', 'CRS001'),
	('SCH001', 'CLS1F', 1, 'F', 'CRS001'),
	('SCH001', 'CLS1G', 1, 'G', 'CRS001'),
	('SCH001', 'CLS1H', 1, 'H', 'CRS001'),
	('SCH001', 'CLS2A', 2, 'A', 'CRS002'),
	('SCH001', 'CLS2B', 2, 'B', 'CRS008'),
	('SCH001', 'CLS2C', 2, 'C', 'CRS002'),
	('SCH001', 'CLS2D', 2, 'D', 'CRS008'),
	('SCH001', 'CLS2E', 2, 'E', 'CRS002'),
	('SCH001', 'CLS2F', 2, 'F', 'CRS002'),
	('SCH001', 'CLS2G', 2, 'G', 'CRS002'),
	('SCH001', 'CLS2H', 2, 'H', 'CRS002'),
	('SCH001', 'CLS3A', 3, 'A', 'CRS004'),
	('SCH001', 'CLS3B', 3, 'B', 'CRS003'),
	('SCH001', 'CLS3C', 3, 'C', 'CRS0011'),
	('SCH001', 'CLS3D', 3, 'D', 'CRS003'),
	('SCH001', 'CLS3E', 3, 'E', 'CRS0014'),
	('SCH001', 'CLS3F', 3, 'F', 'CRS004'),
	('SCH001', 'CLS3G', 3, 'G', 'CRS0011'),
	('SCH001', 'CLS3H', 3, 'H', 'CRS0014'),
	('SCH001', 'CLS4A', 4, 'A', 'CRS005'),
	('SCH001', 'CLS4B', 4, 'B', 'CRS009'),
	('SCH001', 'CLS4C', 4, 'C', 'CRS0012'),
	('SCH001', 'CLS4D', 4, 'D', 'CRS009'),
	('SCH001', 'CLS4E', 4, 'E', 'CRS0015'),
	('SCH001', 'CLS4F', 4, 'F', 'CRS005'),
	('SCH001', 'CLS4G', 4, 'G', 'CRS0012'),
	('SCH001', 'CLS4H', 4, 'H', 'CRS0015'),
	('SCH001', 'CLS5A', 5, 'A', 'CRS006'),
	('SCH001', 'CLS5B', 5, 'B', 'CRS0010'),
	('SCH001', 'CLS5C', 5, 'C', 'CRS0013'),
	('SCH001', 'CLS5D', 5, 'D', 'CRS0010'),
	('SCH001', 'CLS5E', 5, 'E', 'CRS0016'),
	('SCH001', 'CLS5F', 5, 'F', 'CRS006'),
	('SCH001', 'CLS5G', 5, 'G', 'CRS0013'),
	('SCH001', 'CLS5H', 5, 'H', 'CRS0016'),
	('SCH002', 'CLS1A', 1, 'A', 'CRS001'),
	('SCH002', 'CLS1B', 1, 'B', 'CRS001'),
	('SCH002', 'CLS1C', 1, 'C', 'CRS006'),
	('SCH002', 'CLS1D', 1, 'D', 'CRS006'),
	('SCH002', 'CLS2A', 2, 'A', 'CRS002'),
	('SCH002', 'CLS2B', 2, 'B', 'CRS002'),
	('SCH002', 'CLS2C', 2, 'C', 'CRS007'),
	('SCH002', 'CLS2D', 2, 'D', 'CRS007'),
	('SCH002', 'CLS3A', 3, 'A', 'CRS003'),
	('SCH002', 'CLS3B', 3, 'B', 'CRS003'),
	('SCH002', 'CLS3C', 3, 'C', 'CRS008'),
	('SCH002', 'CLS3D', 3, 'D', 'CRS008'),
	('SCH002', 'CLS4A', 4, 'A', 'CRS004'),
	('SCH002', 'CLS4B', 4, 'B', 'CRS004'),
	('SCH002', 'CLS4C', 4, 'C', 'CRS009'),
	('SCH002', 'CLS4D', 4, 'D', 'CRS009'),
	('SCH002', 'CLS5A', 5, 'A', 'CRS005'),
	('SCH002', 'CLS5B', 5, 'B', 'CRS005'),
	('SCH002', 'CLS5C', 5, 'C', 'CRS0010'),
	('SCH002', 'CLS5D', 5, 'D', 'CRS0010'),
	('SCH003', 'CLS1A', 1, 'A', 'CRS001'),
	('SCH003', 'CLS2A', 2, 'A', 'CRS002'),
	('SCH003', 'CLS3A', 3, 'A', 'CRS003');
/*!40000 ALTER TABLE `class` ENABLE KEYS */;

-- Dump della struttura di tabella timetable.course
CREATE TABLE IF NOT EXISTS `course` (
  `schoolID` varchar(7) NOT NULL,
  `courseID` varchar(7) NOT NULL,
  `grade` int(11) NOT NULL,
  `name` varchar(50) NOT NULL,
  PRIMARY KEY (`schoolID`,`courseID`),
  CONSTRAINT `FK_course_school` FOREIGN KEY (`schoolID`) REFERENCES `school` (`schoolID`)
) ENGINE=InnoDB DEFAULT CHARSET=latin1;

-- Dump dei dati della tabella timetable.course: ~28 rows (circa)
/*!40000 ALTER TABLE `course` DISABLE KEYS */;
INSERT INTO `course` (`schoolID`, `courseID`, `grade`, `name`) VALUES
	('SCH001', 'CRS001', 1, 'AMMINISTRAZIONE FINANZA E MARKETING'),
	('SCH001', 'CRS0010', 5, 'TURISMO'),
	('SCH001', 'CRS0011', 3, 'SISTEMI INFORMATIVI AZIENDALI'),
	('SCH001', 'CRS0012', 4, 'SISTEMI INFORMATIVI AZIENDALI'),
	('SCH001', 'CRS0013', 5, 'SISTEMI INFORMATIVI AZIENDALI'),
	('SCH001', 'CRS0014', 3, 'RELAZIONI INTERNAZIONALI PER IL MARKETING '),
	('SCH001', 'CRS0015', 4, 'RELAZIONI INTERNAZIONALI PER IL MARKETING '),
	('SCH001', 'CRS0016', 5, 'RELAZIONI INTERNAZIONALI PER IL MARKETING '),
	('SCH001', 'CRS002', 2, 'AMMINISTRAZIONE FINANZA E MARKETING'),
	('SCH001', 'CRS003', 3, 'TURISMO'),
	('SCH001', 'CRS004', 3, 'AMMINISTRAZIONE FINANZA E MARKETING'),
	('SCH001', 'CRS005', 4, 'AMMINISTRAZIONE FINANZA E MARKETING'),
	('SCH001', 'CRS006', 5, 'AMMINISTRAZIONE FINANZA E MARKETING'),
	('SCH001', 'CRS007', 1, 'TURISMO'),
	('SCH001', 'CRS008', 2, 'TURISMO'),
	('SCH001', 'CRS009', 4, 'TURISMO'),
	('SCH002', 'CRS001', 1, 'LICEO SCIENTIFICO'),
	('SCH002', 'CRS0010', 5, 'LS - OPZ. SCIENZE APPLICATE'),
	('SCH002', 'CRS002', 2, 'LICEO SCIENTIFICO'),
	('SCH002', 'CRS003', 3, 'LICEO SCIENTIFICO'),
	('SCH002', 'CRS004', 4, 'LICEO SCIENTIFICO'),
	('SCH002', 'CRS005', 5, 'LICEO SCIENTIFICO'),
	('SCH002', 'CRS006', 1, 'LS - OPZ. SCIENZE APPLICATE'),
	('SCH002', 'CRS007', 2, 'LS - OPZ. SCIENZE APPLICATE'),
	('SCH002', 'CRS008', 3, 'LS - OPZ. SCIENZE APPLICATE'),
	('SCH002', 'CRS009', 4, 'LS - OPZ. SCIENZE APPLICATE'),
	('SCH003', 'CRS001', 1, 'DISCIPLINE DELLA RECITAZIONE'),
	('SCH003', 'CRS002', 2, 'INTERPRETAZIONE / RECITAZIONE'),
	('SCH003', 'CRS003', 3, 'INTERPRETAZIONE / RECITAZIONE');
/*!40000 ALTER TABLE `course` ENABLE KEYS */;

-- Dump della struttura di tabella timetable.enabling
CREATE TABLE IF NOT EXISTS `enabling` (
  `schoolID` varchar(7) NOT NULL,
  `subjectID` varchar(7) NOT NULL,
  `teacherID` varchar(7) NOT NULL,
  PRIMARY KEY (`subjectID`,`teacherID`,`schoolID`),
  KEY `FK_enabling_teacher` (`teacherID`),
  KEY `FK_enabling_subject` (`schoolID`,`subjectID`),
  CONSTRAINT `FK_enabling_subject` FOREIGN KEY (`schoolID`, `subjectID`) REFERENCES `subject` (`schoolID`, `subjectID`),
  CONSTRAINT `FK_enabling_teacher` FOREIGN KEY (`teacherID`) REFERENCES `teacher` (`teacherID`)
) ENGINE=InnoDB DEFAULT CHARSET=latin1;

-- Dump dei dati della tabella timetable.enabling: ~242 rows (circa)
/*!40000 ALTER TABLE `enabling` DISABLE KEYS */;
INSERT INTO `enabling` (`schoolID`, `subjectID`, `teacherID`) VALUES
	('SCH001', 'SJB001', 'THC001'),
	('SCH002', 'SJB001', 'THC001'),
	('SCH003', 'SJB001', 'THC001'),
	('SCH001', 'SJB001', 'THC0011'),
	('SCH002', 'SJB001', 'THC0011'),
	('SCH002', 'SJB001', 'THC0013'),
	('SCH001', 'SJB001', 'THC0016'),
	('SCH002', 'SJB001', 'THC0016'),
	('SCH001', 'SJB001', 'THC0019'),
	('SCH002', 'SJB001', 'THC0019'),
	('SCH002', 'SJB001', 'THC0024'),
	('SCH001', 'SJB001', 'THC0026'),
	('SCH002', 'SJB001', 'THC0028'),
	('SCH001', 'SJB001', 'THC0029'),
	('SCH002', 'SJB001', 'THC003'),
	('SCH001', 'SJB001', 'THC0030'),
	('SCH001', 'SJB001', 'THC0037'),
	('SCH001', 'SJB001', 'THC0039'),
	('SCH001', 'SJB001', 'THC0043'),
	('SCH001', 'SJB001', 'THC0047'),
	('SCH001', 'SJB001', 'THC0049'),
	('SCH001', 'SJB001', 'THC0057'),
	('SCH001', 'SJB001', 'THC0059'),
	('SCH002', 'SJB001', 'THC009'),
	('SCH001', 'SJB0010', 'THC0015'),
	('SCH002', 'SJB0010', 'THC0021'),
	('SCH001', 'SJB0010', 'THC0025'),
	('SCH001', 'SJB0010', 'THC0032'),
	('SCH001', 'SJB0010', 'THC0046'),
	('SCH001', 'SJB0010', 'THC0050'),
	('SCH002', 'SJB0010', 'THC006'),
	('SCH003', 'SJB0010', 'THC006'),
	('SCH001', 'SJB0010', 'THC0060'),
	('SCH001', 'SJB0010', 'THC008'),
	('SCH002', 'SJB0011', 'THC0020'),
	('SCH001', 'SJB0011', 'THC0023'),
	('SCH001', 'SJB0011', 'THC0038'),
	('SCH003', 'SJB0011', 'THC005'),
	('SCH001', 'SJB0011', 'THC0051'),
	('SCH003', 'SJB0011', 'THC006'),
	('SCH002', 'SJB0011', 'THC007'),
	('SCH001', 'SJB0011', 'THC009'),
	('SCH001', 'SJB0012', 'THC0010'),
	('SCH001', 'SJB0012', 'THC0035'),
	('SCH003', 'SJB0012', 'THC005'),
	('SCH002', 'SJB0012', 'THC008'),
	('SCH001', 'SJB0013', 'THC0012'),
	('SCH001', 'SJB0013', 'THC0017'),
	('SCH002', 'SJB0013', 'THC0017'),
	('SCH002', 'SJB0013', 'THC0022'),
	('SCH002', 'SJB0013', 'THC0029'),
	('SCH001', 'SJB0013', 'THC0034'),
	('SCH003', 'SJB0013', 'THC004'),
	('SCH001', 'SJB0013', 'THC0042'),
	('SCH001', 'SJB0013', 'THC0054'),
	('SCH001', 'SJB0014', 'THC0015'),
	('SCH002', 'SJB0014', 'THC0015'),
	('SCH001', 'SJB0014', 'THC0025'),
	('SCH002', 'SJB0014', 'THC0025'),
	('SCH001', 'SJB0014', 'THC0032'),
	('SCH001', 'SJB0014', 'THC0046'),
	('SCH001', 'SJB0014', 'THC0050'),
	('SCH001', 'SJB0014', 'THC0060'),
	('SCH001', 'SJB0014', 'THC008'),
	('SCH001', 'SJB0015', 'THC001'),
	('SCH001', 'SJB0015', 'THC0016'),
	('SCH001', 'SJB0015', 'THC0026'),
	('SCH001', 'SJB0015', 'THC0029'),
	('SCH001', 'SJB0015', 'THC0030'),
	('SCH001', 'SJB0015', 'THC0037'),
	('SCH001', 'SJB0015', 'THC0039'),
	('SCH001', 'SJB0015', 'THC0043'),
	('SCH001', 'SJB0015', 'THC0047'),
	('SCH001', 'SJB0015', 'THC0049'),
	('SCH001', 'SJB0015', 'THC005'),
	('SCH001', 'SJB0016', 'THC0013'),
	('SCH001', 'SJB0016', 'THC0022'),
	('SCH001', 'SJB0016', 'THC003'),
	('SCH001', 'SJB0016', 'THC0031'),
	('SCH001', 'SJB0017', 'THC001'),
	('SCH001', 'SJB0017', 'THC0019'),
	('SCH001', 'SJB0017', 'THC0026'),
	('SCH001', 'SJB0017', 'THC0029'),
	('SCH001', 'SJB0017', 'THC0030'),
	('SCH001', 'SJB0017', 'THC0037'),
	('SCH001', 'SJB0017', 'THC0039'),
	('SCH001', 'SJB0017', 'THC005'),
	('SCH001', 'SJB0018', 'THC001'),
	('SCH001', 'SJB0018', 'THC0016'),
	('SCH001', 'SJB0018', 'THC0019'),
	('SCH001', 'SJB0018', 'THC0026'),
	('SCH001', 'SJB0018', 'THC0029'),
	('SCH001', 'SJB0018', 'THC0030'),
	('SCH001', 'SJB0018', 'THC0037'),
	('SCH001', 'SJB0018', 'THC0039'),
	('SCH001', 'SJB0018', 'THC0043'),
	('SCH001', 'SJB0018', 'THC0047'),
	('SCH001', 'SJB0018', 'THC0049'),
	('SCH001', 'SJB0018', 'THC0057'),
	('SCH001', 'SJB0018', 'THC0059'),
	('SCH001', 'SJB0019', 'THC0013'),
	('SCH001', 'SJB0019', 'THC0022'),
	('SCH001', 'SJB0019', 'THC003'),
	('SCH001', 'SJB0019', 'THC0031'),
	('SCH001', 'SJB0019', 'THC0045'),
	('SCH001', 'SJB0019', 'THC0052'),
	('SCH002', 'SJB002', 'THC001'),
	('SCH002', 'SJB002', 'THC0011'),
	('SCH002', 'SJB002', 'THC0013'),
	('SCH002', 'SJB002', 'THC0016'),
	('SCH001', 'SJB002', 'THC0017'),
	('SCH001', 'SJB002', 'THC002'),
	('SCH003', 'SJB002', 'THC002'),
	('SCH001', 'SJB002', 'THC0020'),
	('SCH002', 'SJB002', 'THC0024'),
	('SCH002', 'SJB002', 'THC0028'),
	('SCH001', 'SJB002', 'THC0034'),
	('SCH001', 'SJB002', 'THC0042'),
	('SCH001', 'SJB002', 'THC0054'),
	('SCH002', 'SJB002', 'THC009'),
	('SCH001', 'SJB0020', 'THC0013'),
	('SCH001', 'SJB0020', 'THC0022'),
	('SCH001', 'SJB0020', 'THC003'),
	('SCH001', 'SJB0020', 'THC0031'),
	('SCH001', 'SJB0020', 'THC0045'),
	('SCH001', 'SJB0020', 'THC0052'),
	('SCH001', 'SJB0021', 'THC0024'),
	('SCH001', 'SJB0021', 'THC0041'),
	('SCH001', 'SJB0021', 'THC0053'),
	('SCH001', 'SJB0022', 'THC0020'),
	('SCH001', 'SJB0022', 'THC0027'),
	('SCH001', 'SJB0022', 'THC0036'),
	('SCH001', 'SJB0022', 'THC0056'),
	('SCH002', 'SJB003', 'THC0015'),
	('SCH001', 'SJB003', 'THC0016'),
	('SCH001', 'SJB003', 'THC0019'),
	('SCH002', 'SJB003', 'THC002'),
	('SCH003', 'SJB003', 'THC002'),
	('SCH002', 'SJB003', 'THC0025'),
	('SCH001', 'SJB003', 'THC0026'),
	('SCH001', 'SJB003', 'THC0029'),
	('SCH001', 'SJB003', 'THC003'),
	('SCH001', 'SJB003', 'THC0030'),
	('SCH001', 'SJB003', 'THC0037'),
	('SCH001', 'SJB003', 'THC0039'),
	('SCH001', 'SJB003', 'THC0043'),
	('SCH001', 'SJB003', 'THC0047'),
	('SCH001', 'SJB003', 'THC0049'),
	('SCH001', 'SJB003', 'THC0057'),
	('SCH001', 'SJB003', 'THC0059'),
	('SCH002', 'SJB004', 'THC001'),
	('SCH003', 'SJB004', 'THC001'),
	('SCH002', 'SJB004', 'THC0011'),
	('SCH002', 'SJB004', 'THC0013'),
	('SCH001', 'SJB004', 'THC0014'),
	('SCH002', 'SJB004', 'THC0016'),
	('SCH002', 'SJB004', 'THC0019'),
	('SCH001', 'SJB004', 'THC0021'),
	('SCH002', 'SJB004', 'THC0024'),
	('SCH001', 'SJB004', 'THC0028'),
	('SCH002', 'SJB004', 'THC0028'),
	('SCH001', 'SJB004', 'THC0033'),
	('SCH001', 'SJB004', 'THC004'),
	('SCH001', 'SJB004', 'THC0040'),
	('SCH001', 'SJB004', 'THC0048'),
	('SCH001', 'SJB004', 'THC0055'),
	('SCH001', 'SJB004', 'THC0058'),
	('SCH002', 'SJB004', 'THC009'),
	('SCH002', 'SJB005', 'THC001'),
	('SCH002', 'SJB005', 'THC0011'),
	('SCH001', 'SJB005', 'THC0013'),
	('SCH002', 'SJB005', 'THC0013'),
	('SCH002', 'SJB005', 'THC0016'),
	('SCH002', 'SJB005', 'THC0019'),
	('SCH001', 'SJB005', 'THC0022'),
	('SCH002', 'SJB005', 'THC0024'),
	('SCH002', 'SJB005', 'THC0028'),
	('SCH001', 'SJB005', 'THC003'),
	('SCH003', 'SJB005', 'THC003'),
	('SCH001', 'SJB005', 'THC0031'),
	('SCH001', 'SJB005', 'THC0045'),
	('SCH001', 'SJB005', 'THC0052'),
	('SCH002', 'SJB005', 'THC009'),
	('SCH002', 'SJB006', 'THC0013'),
	('SCH001', 'SJB006', 'THC0014'),
	('SCH002', 'SJB006', 'THC0016'),
	('SCH002', 'SJB006', 'THC0019'),
	('SCH001', 'SJB006', 'THC0021'),
	('SCH002', 'SJB006', 'THC0024'),
	('SCH001', 'SJB006', 'THC0028'),
	('SCH002', 'SJB006', 'THC0028'),
	('SCH002', 'SJB006', 'THC003'),
	('SCH003', 'SJB006', 'THC003'),
	('SCH001', 'SJB006', 'THC0033'),
	('SCH001', 'SJB006', 'THC004'),
	('SCH001', 'SJB006', 'THC0040'),
	('SCH001', 'SJB006', 'THC0048'),
	('SCH001', 'SJB006', 'THC0058'),
	('SCH002', 'SJB007', 'THC0012'),
	('SCH002', 'SJB007', 'THC0017'),
	('SCH002', 'SJB007', 'THC0022'),
	('SCH001', 'SJB007', 'THC0026'),
	('SCH002', 'SJB007', 'THC0026'),
	('SCH001', 'SJB007', 'THC0029'),
	('SCH002', 'SJB007', 'THC0029'),
	('SCH003', 'SJB007', 'THC003'),
	('SCH001', 'SJB007', 'THC0030'),
	('SCH001', 'SJB007', 'THC0037'),
	('SCH001', 'SJB007', 'THC0039'),
	('SCH002', 'SJB007', 'THC004'),
	('SCH001', 'SJB007', 'THC0043'),
	('SCH001', 'SJB007', 'THC0047'),
	('SCH001', 'SJB007', 'THC0049'),
	('SCH001', 'SJB007', 'THC005'),
	('SCH001', 'SJB007', 'THC0057'),
	('SCH001', 'SJB007', 'THC0059'),
	('SCH002', 'SJB008', 'THC0010'),
	('SCH002', 'SJB008', 'THC0014'),
	('SCH002', 'SJB008', 'THC0018'),
	('SCH002', 'SJB008', 'THC0023'),
	('SCH001', 'SJB008', 'THC0024'),
	('SCH002', 'SJB008', 'THC0027'),
	('SCH002', 'SJB008', 'THC0030'),
	('SCH001', 'SJB008', 'THC0041'),
	('SCH002', 'SJB008', 'THC005'),
	('SCH003', 'SJB008', 'THC005'),
	('SCH001', 'SJB008', 'THC0053'),
	('SCH001', 'SJB008', 'THC006'),
	('SCH003', 'SJB009', 'THC001'),
	('SCH002', 'SJB009', 'THC0010'),
	('SCH002', 'SJB009', 'THC0014'),
	('SCH001', 'SJB009', 'THC0018'),
	('SCH002', 'SJB009', 'THC0018'),
	('SCH002', 'SJB009', 'THC0023'),
	('SCH001', 'SJB009', 'THC0027'),
	('SCH002', 'SJB009', 'THC0027'),
	('SCH002', 'SJB009', 'THC0030'),
	('SCH001', 'SJB009', 'THC0036'),
	('SCH001', 'SJB009', 'THC0044'),
	('SCH002', 'SJB009', 'THC005'),
	('SCH001', 'SJB009', 'THC0056'),
	('SCH001', 'SJB009', 'THC007');
/*!40000 ALTER TABLE `enabling` ENABLE KEYS */;

-- Dump della struttura di tabella timetable.lab
CREATE TABLE IF NOT EXISTS `lab` (
  `schoolID` varchar(7) NOT NULL,
  `labID` varchar(7) NOT NULL,
  `name` varchar(50) NOT NULL,
  `type` int(11) NOT NULL,
  PRIMARY KEY (`schoolID`,`labID`),
  CONSTRAINT `FK_Lab_school` FOREIGN KEY (`schoolID`) REFERENCES `school` (`schoolID`)
) ENGINE=InnoDB DEFAULT CHARSET=latin1;

-- Dump dei dati della tabella timetable.lab: ~27 rows (circa)
/*!40000 ALTER TABLE `lab` DISABLE KEYS */;
INSERT INTO `lab` (`schoolID`, `labID`, `name`, `type`) VALUES
	('SCH001', 'LAB001', 'Laib INF 1', 7),
	('SCH001', 'LAB0010', 'Videoteca V2', 2),
	('SCH001', 'LAB0011', 'Audioteca A3', 3),
	('SCH001', 'LAB0012', 'Palestra P3', 0),
	('SCH001', 'LAB0013', 'Laib INF 3', 7),
	('SCH001', 'LAB002', 'Palestra P1', 0),
	('SCH001', 'LAB003', 'Biblioteca B1', 8),
	('SCH001', 'LAB004', 'Audioteca A1', 3),
	('SCH001', 'LAB005', 'Videoteca V1', 2),
	('SCH001', 'LAB006', 'Palestra P2', 0),
	('SCH001', 'LAB007', 'Biblioteca B2', 8),
	('SCH001', 'LAB008', 'Audioteca A2', 3),
	('SCH001', 'LAB009', 'Laib INF 2', 7),
	('SCH002', 'LAB001', 'Palestra P1', 0),
	('SCH002', 'LAB0010', 'Lab Arte B', 4),
	('SCH002', 'LAB0011', 'Sala Audio P2', 3),
	('SCH002', 'LAB0012', 'Lab INFO A', 7),
	('SCH002', 'LAB002', 'Biblioteca Centrale', 8),
	('SCH002', 'LAB003', 'Lab Fisica A', 6),
	('SCH002', 'LAB004', 'Lab Chimica A', 5),
	('SCH002', 'LAB005', 'Lab Arte A', 4),
	('SCH002', 'LAB006', 'Sala Audio P1', 3),
	('SCH002', 'LAB007', 'Palestra P2', 0),
	('SCH002', 'LAB008', 'Lab Fisica B', 6),
	('SCH002', 'LAB009', 'Lab Chimica B', 5),
	('SCH003', 'LAB001', 'Teatro T1', 0),
	('SCH003', 'LAB002', 'Videoteca V1', 2),
	('SCH003', 'LAB003', 'Teatro T2', 0);
/*!40000 ALTER TABLE `lab` ENABLE KEYS */;

-- Dump della struttura di tabella timetable.role
CREATE TABLE IF NOT EXISTS `role` (
  `schoolID` varchar(7) NOT NULL,
  `classID` varchar(7) NOT NULL,
  `subjectID` varchar(7) NOT NULL,
  `TeacherID` varchar(7) DEFAULT NULL,
  PRIMARY KEY (`schoolID`,`classID`,`subjectID`),
  KEY `FK__subject` (`subjectID`),
  KEY `FK__teacher` (`TeacherID`),
  CONSTRAINT `FK__class` FOREIGN KEY (`schoolID`, `classID`) REFERENCES `class` (`schoolID`, `classID`),
  CONSTRAINT `FK__subject` FOREIGN KEY (`subjectID`) REFERENCES `subject` (`subjectID`),
  CONSTRAINT `FK__teacher` FOREIGN KEY (`TeacherID`) REFERENCES `teacher` (`teacherID`)
) ENGINE=InnoDB DEFAULT CHARSET=latin1;

-- Dump dei dati della tabella timetable.role: ~685 rows (circa)
/*!40000 ALTER TABLE `role` DISABLE KEYS */;
INSERT INTO `role` (`schoolID`, `classID`, `subjectID`, `TeacherID`) VALUES
	('SCH001', 'CLS3A', 'SJB001', 'THC001'),
	('SCH001', 'CLS3A', 'SJB0018', 'THC001'),
	('SCH001', 'CLS3D', 'SJB0017', 'THC001'),
	('SCH001', 'CLS4A', 'SJB001', 'THC001'),
	('SCH001', 'CLS4A', 'SJB0018', 'THC001'),
	('SCH001', 'CLS4B', 'SJB0015', 'THC001'),
	('SCH001', 'CLS4B', 'SJB0017', 'THC001'),
	('SCH001', 'CLS5A', 'SJB0018', 'THC001'),
	('SCH001', 'CLS5B', 'SJB0015', 'THC001'),
	('SCH002', 'CLS1A', 'SJB001', 'THC001'),
	('SCH002', 'CLS1A', 'SJB002', 'THC001'),
	('SCH002', 'CLS1A', 'SJB004', 'THC001'),
	('SCH002', 'CLS2A', 'SJB002', 'THC001'),
	('SCH002', 'CLS2A', 'SJB004', 'THC001'),
	('SCH002', 'CLS3A', 'SJB002', 'THC001'),
	('SCH003', 'CLS1A', 'SJB001', 'THC001'),
	('SCH003', 'CLS1A', 'SJB004', 'THC001'),
	('SCH003', 'CLS2A', 'SJB009', 'THC001'),
	('SCH001', 'CLS1A', 'SJB0012', 'THC0010'),
	('SCH001', 'CLS1B', 'SJB0012', 'THC0010'),
	('SCH001', 'CLS1C', 'SJB0012', 'THC0010'),
	('SCH001', 'CLS1D', 'SJB0012', 'THC0010'),
	('SCH001', 'CLS2A', 'SJB0012', 'THC0010'),
	('SCH001', 'CLS2B', 'SJB0012', 'THC0010'),
	('SCH001', 'CLS2C', 'SJB0012', 'THC0010'),
	('SCH001', 'CLS2D', 'SJB0012', 'THC0010'),
	('SCH001', 'CLS3A', 'SJB0012', 'THC0010'),
	('SCH001', 'CLS3B', 'SJB0012', 'THC0010'),
	('SCH001', 'CLS3C', 'SJB0012', 'THC0010'),
	('SCH001', 'CLS3D', 'SJB0012', 'THC0010'),
	('SCH001', 'CLS3E', 'SJB0012', 'THC0010'),
	('SCH001', 'CLS4A', 'SJB0012', 'THC0010'),
	('SCH001', 'CLS4B', 'SJB0012', 'THC0010'),
	('SCH001', 'CLS4C', 'SJB0012', 'THC0010'),
	('SCH001', 'CLS4D', 'SJB0012', 'THC0010'),
	('SCH001', 'CLS4E', 'SJB0012', 'THC0010'),
	('SCH001', 'CLS5A', 'SJB0012', 'THC0010'),
	('SCH001', 'CLS5B', 'SJB0012', 'THC0010'),
	('SCH001', 'CLS5C', 'SJB0012', 'THC0010'),
	('SCH001', 'CLS5D', 'SJB0012', 'THC0010'),
	('SCH002', 'CLS1B', 'SJB008', 'THC0010'),
	('SCH002', 'CLS1B', 'SJB009', 'THC0010'),
	('SCH002', 'CLS2B', 'SJB008', 'THC0010'),
	('SCH002', 'CLS2B', 'SJB009', 'THC0010'),
	('SCH002', 'CLS4A', 'SJB008', 'THC0010'),
	('SCH002', 'CLS5A', 'SJB008', 'THC0010'),
	('SCH002', 'CLS5A', 'SJB009', 'THC0010'),
	('SCH001', 'CLS1A', 'SJB001', 'THC0011'),
	('SCH001', 'CLS2A', 'SJB001', 'THC0011'),
	('SCH001', 'CLS3B', 'SJB001', 'THC0011'),
	('SCH001', 'CLS4B', 'SJB001', 'THC0011'),
	('SCH001', 'CLS5A', 'SJB001', 'THC0011'),
	('SCH002', 'CLS1B', 'SJB001', 'THC0011'),
	('SCH002', 'CLS1B', 'SJB004', 'THC0011'),
	('SCH002', 'CLS2B', 'SJB001', 'THC0011'),
	('SCH002', 'CLS2B', 'SJB002', 'THC0011'),
	('SCH002', 'CLS2B', 'SJB004', 'THC0011'),
	('SCH002', 'CLS3B', 'SJB002', 'THC0011'),
	('SCH001', 'CLS3B', 'SJB0013', 'THC0012'),
	('SCH001', 'CLS3D', 'SJB0013', 'THC0012'),
	('SCH001', 'CLS3E', 'SJB0013', 'THC0012'),
	('SCH001', 'CLS4D', 'SJB0013', 'THC0012'),
	('SCH001', 'CLS4E', 'SJB0013', 'THC0012'),
	('SCH001', 'CLS5B', 'SJB0013', 'THC0012'),
	('SCH001', 'CLS5D', 'SJB0013', 'THC0012'),
	('SCH002', 'CLS1B', 'SJB007', 'THC0012'),
	('SCH002', 'CLS2B', 'SJB007', 'THC0012'),
	('SCH002', 'CLS3B', 'SJB007', 'THC0012'),
	('SCH002', 'CLS4B', 'SJB007', 'THC0012'),
	('SCH002', 'CLS5B', 'SJB007', 'THC0012'),
	('SCH001', 'CLS1B', 'SJB005', 'THC0013'),
	('SCH001', 'CLS2B', 'SJB005', 'THC0013'),
	('SCH001', 'CLS3C', 'SJB0019', 'THC0013'),
	('SCH001', 'CLS3C', 'SJB0020', 'THC0013'),
	('SCH001', 'CLS4A', 'SJB0020', 'THC0013'),
	('SCH001', 'CLS4B', 'SJB0016', 'THC0013'),
	('SCH001', 'CLS5A', 'SJB0019', 'THC0013'),
	('SCH001', 'CLS5A', 'SJB0020', 'THC0013'),
	('SCH001', 'CLS5B', 'SJB0016', 'THC0013'),
	('SCH002', 'CLS3B', 'SJB001', 'THC0013'),
	('SCH002', 'CLS3B', 'SJB006', 'THC0013'),
	('SCH002', 'CLS4B', 'SJB001', 'THC0013'),
	('SCH002', 'CLS4B', 'SJB002', 'THC0013'),
	('SCH002', 'CLS4B', 'SJB005', 'THC0013'),
	('SCH002', 'CLS4B', 'SJB006', 'THC0013'),
	('SCH002', 'CLS5B', 'SJB002', 'THC0013'),
	('SCH001', 'CLS1B', 'SJB004', 'THC0014'),
	('SCH001', 'CLS1B', 'SJB006', 'THC0014'),
	('SCH001', 'CLS2B', 'SJB004', 'THC0014'),
	('SCH001', 'CLS2B', 'SJB006', 'THC0014'),
	('SCH001', 'CLS4B', 'SJB004', 'THC0014'),
	('SCH001', 'CLS5A', 'SJB004', 'THC0014'),
	('SCH001', 'CLS5B', 'SJB004', 'THC0014'),
	('SCH002', 'CLS1C', 'SJB009', 'THC0014'),
	('SCH002', 'CLS3B', 'SJB008', 'THC0014'),
	('SCH002', 'CLS3B', 'SJB009', 'THC0014'),
	('SCH002', 'CLS4B', 'SJB008', 'THC0014'),
	('SCH002', 'CLS4B', 'SJB009', 'THC0014'),
	('SCH002', 'CLS5B', 'SJB008', 'THC0014'),
	('SCH002', 'CLS5B', 'SJB009', 'THC0014'),
	('SCH001', 'CLS1B', 'SJB0010', 'THC0015'),
	('SCH001', 'CLS1C', 'SJB0010', 'THC0015'),
	('SCH001', 'CLS2B', 'SJB0010', 'THC0015'),
	('SCH001', 'CLS2C', 'SJB0010', 'THC0015'),
	('SCH001', 'CLS2D', 'SJB0010', 'THC0015'),
	('SCH001', 'CLS3C', 'SJB0010', 'THC0015'),
	('SCH001', 'CLS3D', 'SJB0014', 'THC0015'),
	('SCH001', 'CLS4B', 'SJB0014', 'THC0015'),
	('SCH001', 'CLS5B', 'SJB0014', 'THC0015'),
	('SCH002', 'CLS1C', 'SJB0014', 'THC0015'),
	('SCH002', 'CLS2C', 'SJB0014', 'THC0015'),
	('SCH002', 'CLS3B', 'SJB003', 'THC0015'),
	('SCH002', 'CLS3C', 'SJB0014', 'THC0015'),
	('SCH002', 'CLS4B', 'SJB003', 'THC0015'),
	('SCH002', 'CLS4C', 'SJB0014', 'THC0015'),
	('SCH002', 'CLS5B', 'SJB003', 'THC0015'),
	('SCH001', 'CLS1B', 'SJB001', 'THC0016'),
	('SCH001', 'CLS1B', 'SJB003', 'THC0016'),
	('SCH001', 'CLS2B', 'SJB001', 'THC0016'),
	('SCH001', 'CLS2B', 'SJB003', 'THC0016'),
	('SCH001', 'CLS2C', 'SJB003', 'THC0016'),
	('SCH001', 'CLS4B', 'SJB003', 'THC0016'),
	('SCH001', 'CLS5C', 'SJB001', 'THC0016'),
	('SCH001', 'CLS5C', 'SJB0018', 'THC0016'),
	('SCH002', 'CLS1C', 'SJB001', 'THC0016'),
	('SCH002', 'CLS1C', 'SJB004', 'THC0016'),
	('SCH002', 'CLS2C', 'SJB001', 'THC0016'),
	('SCH002', 'CLS3C', 'SJB006', 'THC0016'),
	('SCH002', 'CLS5B', 'SJB001', 'THC0016'),
	('SCH002', 'CLS5B', 'SJB005', 'THC0016'),
	('SCH002', 'CLS5B', 'SJB006', 'THC0016'),
	('SCH001', 'CLS1C', 'SJB002', 'THC0017'),
	('SCH001', 'CLS1D', 'SJB002', 'THC0017'),
	('SCH001', 'CLS2B', 'SJB002', 'THC0017'),
	('SCH001', 'CLS2C', 'SJB002', 'THC0017'),
	('SCH001', 'CLS4B', 'SJB0013', 'THC0017'),
	('SCH001', 'CLS4B', 'SJB002', 'THC0017'),
	('SCH001', 'CLS5B', 'SJB002', 'THC0017'),
	('SCH002', 'CLS1C', 'SJB0013', 'THC0017'),
	('SCH002', 'CLS1C', 'SJB007', 'THC0017'),
	('SCH002', 'CLS2C', 'SJB0013', 'THC0017'),
	('SCH002', 'CLS2C', 'SJB007', 'THC0017'),
	('SCH002', 'CLS3C', 'SJB0013', 'THC0017'),
	('SCH002', 'CLS5C', 'SJB0013', 'THC0017'),
	('SCH001', 'CLS1D', 'SJB009', 'THC0018'),
	('SCH001', 'CLS2B', 'SJB009', 'THC0018'),
	('SCH001', 'CLS2C', 'SJB009', 'THC0018'),
	('SCH001', 'CLS3C', 'SJB009', 'THC0018'),
	('SCH001', 'CLS4B', 'SJB009', 'THC0018'),
	('SCH001', 'CLS5B', 'SJB009', 'THC0018'),
	('SCH001', 'CLS5C', 'SJB009', 'THC0018'),
	('SCH002', 'CLS1C', 'SJB008', 'THC0018'),
	('SCH002', 'CLS2C', 'SJB008', 'THC0018'),
	('SCH002', 'CLS2C', 'SJB009', 'THC0018'),
	('SCH002', 'CLS3C', 'SJB008', 'THC0018'),
	('SCH002', 'CLS3C', 'SJB009', 'THC0018'),
	('SCH002', 'CLS4C', 'SJB008', 'THC0018'),
	('SCH001', 'CLS1D', 'SJB003', 'THC0019'),
	('SCH001', 'CLS2C', 'SJB001', 'THC0019'),
	('SCH001', 'CLS3B', 'SJB0017', 'THC0019'),
	('SCH001', 'CLS3C', 'SJB001', 'THC0019'),
	('SCH001', 'CLS3C', 'SJB0018', 'THC0019'),
	('SCH001', 'CLS5B', 'SJB001', 'THC0019'),
	('SCH001', 'CLS5B', 'SJB0017', 'THC0019'),
	('SCH001', 'CLS5B', 'SJB003', 'THC0019'),
	('SCH002', 'CLS2C', 'SJB004', 'THC0019'),
	('SCH002', 'CLS3C', 'SJB001', 'THC0019'),
	('SCH002', 'CLS3C', 'SJB005', 'THC0019'),
	('SCH002', 'CLS4C', 'SJB001', 'THC0019'),
	('SCH002', 'CLS4C', 'SJB005', 'THC0019'),
	('SCH002', 'CLS4C', 'SJB006', 'THC0019'),
	('SCH002', 'CLS5C', 'SJB001', 'THC0019'),
	('SCH001', 'CLS1A', 'SJB002', 'THC002'),
	('SCH001', 'CLS1B', 'SJB002', 'THC002'),
	('SCH001', 'CLS2A', 'SJB002', 'THC002'),
	('SCH001', 'CLS3A', 'SJB002', 'THC002'),
	('SCH001', 'CLS3B', 'SJB002', 'THC002'),
	('SCH001', 'CLS4A', 'SJB002', 'THC002'),
	('SCH001', 'CLS5A', 'SJB002', 'THC002'),
	('SCH002', 'CLS1A', 'SJB003', 'THC002'),
	('SCH002', 'CLS1B', 'SJB003', 'THC002'),
	('SCH002', 'CLS2A', 'SJB003', 'THC002'),
	('SCH002', 'CLS2B', 'SJB003', 'THC002'),
	('SCH002', 'CLS3A', 'SJB003', 'THC002'),
	('SCH002', 'CLS4A', 'SJB003', 'THC002'),
	('SCH002', 'CLS5A', 'SJB003', 'THC002'),
	('SCH003', 'CLS1A', 'SJB002', 'THC002'),
	('SCH003', 'CLS1A', 'SJB003', 'THC002'),
	('SCH001', 'CLS2D', 'SJB002', 'THC0020'),
	('SCH001', 'CLS3C', 'SJB002', 'THC0020'),
	('SCH001', 'CLS3D', 'SJB002', 'THC0020'),
	('SCH001', 'CLS3E', 'SJB002', 'THC0020'),
	('SCH001', 'CLS4C', 'SJB002', 'THC0020'),
	('SCH001', 'CLS4D', 'SJB002', 'THC0020'),
	('SCH001', 'CLS5D', 'SJB002', 'THC0020'),
	('SCH002', 'CLS1D', 'SJB0011', 'THC0020'),
	('SCH002', 'CLS2C', 'SJB0011', 'THC0020'),
	('SCH002', 'CLS2D', 'SJB0011', 'THC0020'),
	('SCH002', 'CLS3C', 'SJB0011', 'THC0020'),
	('SCH002', 'CLS3D', 'SJB0011', 'THC0020'),
	('SCH002', 'CLS4C', 'SJB0011', 'THC0020'),
	('SCH002', 'CLS4D', 'SJB0011', 'THC0020'),
	('SCH002', 'CLS5C', 'SJB0011', 'THC0020'),
	('SCH002', 'CLS5D', 'SJB0011', 'THC0020'),
	('SCH001', 'CLS1D', 'SJB004', 'THC0021'),
	('SCH001', 'CLS1D', 'SJB006', 'THC0021'),
	('SCH001', 'CLS1E', 'SJB006', 'THC0021'),
	('SCH001', 'CLS2C', 'SJB004', 'THC0021'),
	('SCH001', 'CLS2C', 'SJB006', 'THC0021'),
	('SCH001', 'CLS2D', 'SJB006', 'THC0021'),
	('SCH001', 'CLS3C', 'SJB004', 'THC0021'),
	('SCH001', 'CLS5C', 'SJB004', 'THC0021'),
	('SCH002', 'CLS1D', 'SJB0010', 'THC0021'),
	('SCH002', 'CLS2C', 'SJB0010', 'THC0021'),
	('SCH002', 'CLS2D', 'SJB0010', 'THC0021'),
	('SCH002', 'CLS3C', 'SJB0010', 'THC0021'),
	('SCH002', 'CLS3D', 'SJB0010', 'THC0021'),
	('SCH002', 'CLS4C', 'SJB0010', 'THC0021'),
	('SCH002', 'CLS4D', 'SJB0010', 'THC0021'),
	('SCH002', 'CLS5C', 'SJB0010', 'THC0021'),
	('SCH002', 'CLS5D', 'SJB0010', 'THC0021'),
	('SCH001', 'CLS1C', 'SJB005', 'THC0022'),
	('SCH001', 'CLS1D', 'SJB005', 'THC0022'),
	('SCH001', 'CLS2C', 'SJB005', 'THC0022'),
	('SCH001', 'CLS2D', 'SJB005', 'THC0022'),
	('SCH001', 'CLS3D', 'SJB0016', 'THC0022'),
	('SCH001', 'CLS4C', 'SJB0019', 'THC0022'),
	('SCH001', 'CLS4C', 'SJB0020', 'THC0022'),
	('SCH001', 'CLS4D', 'SJB0016', 'THC0022'),
	('SCH001', 'CLS5C', 'SJB0019', 'THC0022'),
	('SCH001', 'CLS5C', 'SJB0020', 'THC0022'),
	('SCH002', 'CLS1D', 'SJB0013', 'THC0022'),
	('SCH002', 'CLS2D', 'SJB0013', 'THC0022'),
	('SCH002', 'CLS3C', 'SJB007', 'THC0022'),
	('SCH002', 'CLS3D', 'SJB0013', 'THC0022'),
	('SCH002', 'CLS4C', 'SJB0013', 'THC0022'),
	('SCH002', 'CLS4C', 'SJB007', 'THC0022'),
	('SCH002', 'CLS5C', 'SJB007', 'THC0022'),
	('SCH001', 'CLS1C', 'SJB0011', 'THC0023'),
	('SCH001', 'CLS1D', 'SJB0011', 'THC0023'),
	('SCH001', 'CLS2C', 'SJB0011', 'THC0023'),
	('SCH001', 'CLS2D', 'SJB0011', 'THC0023'),
	('SCH001', 'CLS3D', 'SJB0011', 'THC0023'),
	('SCH001', 'CLS3E', 'SJB0011', 'THC0023'),
	('SCH001', 'CLS4C', 'SJB0011', 'THC0023'),
	('SCH001', 'CLS4D', 'SJB0011', 'THC0023'),
	('SCH001', 'CLS4E', 'SJB0011', 'THC0023'),
	('SCH001', 'CLS5C', 'SJB0011', 'THC0023'),
	('SCH001', 'CLS5D', 'SJB0011', 'THC0023'),
	('SCH002', 'CLS1D', 'SJB008', 'THC0023'),
	('SCH002', 'CLS1D', 'SJB009', 'THC0023'),
	('SCH002', 'CLS2D', 'SJB008', 'THC0023'),
	('SCH002', 'CLS4C', 'SJB009', 'THC0023'),
	('SCH002', 'CLS5C', 'SJB008', 'THC0023'),
	('SCH002', 'CLS5C', 'SJB009', 'THC0023'),
	('SCH001', 'CLS1C', 'SJB008', 'THC0024'),
	('SCH001', 'CLS1D', 'SJB008', 'THC0024'),
	('SCH001', 'CLS1E', 'SJB008', 'THC0024'),
	('SCH001', 'CLS1F', 'SJB008', 'THC0024'),
	('SCH001', 'CLS2C', 'SJB008', 'THC0024'),
	('SCH001', 'CLS2D', 'SJB008', 'THC0024'),
	('SCH001', 'CLS2E', 'SJB008', 'THC0024'),
	('SCH001', 'CLS3E', 'SJB0021', 'THC0024'),
	('SCH001', 'CLS4C', 'SJB008', 'THC0024'),
	('SCH001', 'CLS4E', 'SJB0021', 'THC0024'),
	('SCH002', 'CLS1D', 'SJB001', 'THC0024'),
	('SCH002', 'CLS1D', 'SJB004', 'THC0024'),
	('SCH002', 'CLS2D', 'SJB001', 'THC0024'),
	('SCH002', 'CLS2D', 'SJB004', 'THC0024'),
	('SCH002', 'CLS3D', 'SJB001', 'THC0024'),
	('SCH002', 'CLS5C', 'SJB005', 'THC0024'),
	('SCH002', 'CLS5C', 'SJB006', 'THC0024'),
	('SCH001', 'CLS1D', 'SJB0010', 'THC0025'),
	('SCH001', 'CLS1E', 'SJB0010', 'THC0025'),
	('SCH001', 'CLS4C', 'SJB0010', 'THC0025'),
	('SCH001', 'CLS4D', 'SJB0014', 'THC0025'),
	('SCH001', 'CLS5C', 'SJB0010', 'THC0025'),
	('SCH001', 'CLS5D', 'SJB0014', 'THC0025'),
	('SCH002', 'CLS1D', 'SJB0014', 'THC0025'),
	('SCH002', 'CLS2D', 'SJB0014', 'THC0025'),
	('SCH002', 'CLS3D', 'SJB0014', 'THC0025'),
	('SCH002', 'CLS4D', 'SJB0014', 'THC0025'),
	('SCH002', 'CLS5C', 'SJB0014', 'THC0025'),
	('SCH002', 'CLS5D', 'SJB0014', 'THC0025'),
	('SCH001', 'CLS1C', 'SJB001', 'THC0026'),
	('SCH001', 'CLS1C', 'SJB003', 'THC0026'),
	('SCH001', 'CLS1D', 'SJB001', 'THC0026'),
	('SCH001', 'CLS2D', 'SJB003', 'THC0026'),
	('SCH001', 'CLS3D', 'SJB001', 'THC0026'),
	('SCH001', 'CLS3D', 'SJB0015', 'THC0026'),
	('SCH001', 'CLS3D', 'SJB003', 'THC0026'),
	('SCH001', 'CLS4D', 'SJB0015', 'THC0026'),
	('SCH002', 'CLS1D', 'SJB007', 'THC0026'),
	('SCH002', 'CLS2D', 'SJB007', 'THC0026'),
	('SCH002', 'CLS3D', 'SJB007', 'THC0026'),
	('SCH002', 'CLS4D', 'SJB007', 'THC0026'),
	('SCH001', 'CLS1C', 'SJB009', 'THC0027'),
	('SCH001', 'CLS2D', 'SJB009', 'THC0027'),
	('SCH001', 'CLS3D', 'SJB009', 'THC0027'),
	('SCH001', 'CLS3E', 'SJB0022', 'THC0027'),
	('SCH001', 'CLS3E', 'SJB009', 'THC0027'),
	('SCH001', 'CLS4D', 'SJB009', 'THC0027'),
	('SCH001', 'CLS4E', 'SJB0022', 'THC0027'),
	('SCH001', 'CLS5D', 'SJB009', 'THC0027'),
	('SCH002', 'CLS2D', 'SJB009', 'THC0027'),
	('SCH002', 'CLS3D', 'SJB008', 'THC0027'),
	('SCH002', 'CLS3D', 'SJB009', 'THC0027'),
	('SCH002', 'CLS4D', 'SJB008', 'THC0027'),
	('SCH002', 'CLS4D', 'SJB009', 'THC0027'),
	('SCH001', 'CLS1C', 'SJB004', 'THC0028'),
	('SCH001', 'CLS1C', 'SJB006', 'THC0028'),
	('SCH001', 'CLS2D', 'SJB004', 'THC0028'),
	('SCH001', 'CLS3D', 'SJB004', 'THC0028'),
	('SCH001', 'CLS4C', 'SJB004', 'THC0028'),
	('SCH001', 'CLS4D', 'SJB004', 'THC0028'),
	('SCH001', 'CLS5D', 'SJB004', 'THC0028'),
	('SCH002', 'CLS3D', 'SJB005', 'THC0028'),
	('SCH002', 'CLS3D', 'SJB006', 'THC0028'),
	('SCH002', 'CLS4D', 'SJB001', 'THC0028'),
	('SCH002', 'CLS4D', 'SJB005', 'THC0028'),
	('SCH002', 'CLS4D', 'SJB006', 'THC0028'),
	('SCH002', 'CLS5D', 'SJB001', 'THC0028'),
	('SCH002', 'CLS5D', 'SJB005', 'THC0028'),
	('SCH002', 'CLS5D', 'SJB006', 'THC0028'),
	('SCH001', 'CLS2D', 'SJB001', 'THC0029'),
	('SCH001', 'CLS2D', 'SJB007', 'THC0029'),
	('SCH001', 'CLS4C', 'SJB001', 'THC0029'),
	('SCH001', 'CLS4C', 'SJB0018', 'THC0029'),
	('SCH001', 'CLS4D', 'SJB001', 'THC0029'),
	('SCH001', 'CLS4D', 'SJB0017', 'THC0029'),
	('SCH001', 'CLS4D', 'SJB003', 'THC0029'),
	('SCH002', 'CLS4D', 'SJB0013', 'THC0029'),
	('SCH002', 'CLS5D', 'SJB0013', 'THC0029'),
	('SCH002', 'CLS5D', 'SJB007', 'THC0029'),
	('SCH001', 'CLS1A', 'SJB003', 'THC003'),
	('SCH001', 'CLS1A', 'SJB005', 'THC003'),
	('SCH001', 'CLS2A', 'SJB003', 'THC003'),
	('SCH001', 'CLS2A', 'SJB005', 'THC003'),
	('SCH001', 'CLS3A', 'SJB0019', 'THC003'),
	('SCH001', 'CLS3A', 'SJB0020', 'THC003'),
	('SCH001', 'CLS3B', 'SJB0016', 'THC003'),
	('SCH001', 'CLS3B', 'SJB003', 'THC003'),
	('SCH001', 'CLS4A', 'SJB0019', 'THC003'),
	('SCH002', 'CLS2A', 'SJB001', 'THC003'),
	('SCH002', 'CLS3A', 'SJB001', 'THC003'),
	('SCH002', 'CLS3A', 'SJB006', 'THC003'),
	('SCH002', 'CLS4A', 'SJB006', 'THC003'),
	('SCH002', 'CLS5A', 'SJB001', 'THC003'),
	('SCH002', 'CLS5A', 'SJB006', 'THC003'),
	('SCH003', 'CLS1A', 'SJB005', 'THC003'),
	('SCH003', 'CLS2A', 'SJB006', 'THC003'),
	('SCH003', 'CLS2A', 'SJB007', 'THC003'),
	('SCH001', 'CLS3E', 'SJB001', 'THC0030'),
	('SCH001', 'CLS3E', 'SJB0018', 'THC0030'),
	('SCH001', 'CLS4E', 'SJB001', 'THC0030'),
	('SCH001', 'CLS4E', 'SJB0018', 'THC0030'),
	('SCH001', 'CLS5D', 'SJB001', 'THC0030'),
	('SCH001', 'CLS5D', 'SJB0015', 'THC0030'),
	('SCH001', 'CLS5D', 'SJB0017', 'THC0030'),
	('SCH001', 'CLS5D', 'SJB003', 'THC0030'),
	('SCH002', 'CLS5D', 'SJB008', 'THC0030'),
	('SCH002', 'CLS5D', 'SJB009', 'THC0030'),
	('SCH001', 'CLS1E', 'SJB005', 'THC0031'),
	('SCH001', 'CLS1F', 'SJB005', 'THC0031'),
	('SCH001', 'CLS2E', 'SJB005', 'THC0031'),
	('SCH001', 'CLS2F', 'SJB005', 'THC0031'),
	('SCH001', 'CLS3E', 'SJB0019', 'THC0031'),
	('SCH001', 'CLS4E', 'SJB0019', 'THC0031'),
	('SCH001', 'CLS4F', 'SJB0019', 'THC0031'),
	('SCH001', 'CLS4F', 'SJB0020', 'THC0031'),
	('SCH001', 'CLS5D', 'SJB0016', 'THC0031'),
	('SCH001', 'CLS5E', 'SJB0019', 'THC0031'),
	('SCH001', 'CLS1F', 'SJB0010', 'THC0032'),
	('SCH001', 'CLS2E', 'SJB0010', 'THC0032'),
	('SCH001', 'CLS2F', 'SJB0010', 'THC0032'),
	('SCH001', 'CLS3E', 'SJB0010', 'THC0032'),
	('SCH001', 'CLS4E', 'SJB0010', 'THC0032'),
	('SCH001', 'CLS4F', 'SJB0010', 'THC0032'),
	('SCH001', 'CLS5E', 'SJB0010', 'THC0032'),
	('SCH001', 'CLS1E', 'SJB004', 'THC0033'),
	('SCH001', 'CLS1F', 'SJB006', 'THC0033'),
	('SCH001', 'CLS2E', 'SJB004', 'THC0033'),
	('SCH001', 'CLS2E', 'SJB006', 'THC0033'),
	('SCH001', 'CLS3E', 'SJB004', 'THC0033'),
	('SCH001', 'CLS4E', 'SJB004', 'THC0033'),
	('SCH001', 'CLS5E', 'SJB004', 'THC0033'),
	('SCH001', 'CLS1E', 'SJB002', 'THC0034'),
	('SCH001', 'CLS1F', 'SJB002', 'THC0034'),
	('SCH001', 'CLS2E', 'SJB002', 'THC0034'),
	('SCH001', 'CLS2F', 'SJB002', 'THC0034'),
	('SCH001', 'CLS4E', 'SJB002', 'THC0034'),
	('SCH001', 'CLS5E', 'SJB0013', 'THC0034'),
	('SCH001', 'CLS5E', 'SJB002', 'THC0034'),
	('SCH001', 'CLS5H', 'SJB0013', 'THC0034'),
	('SCH001', 'CLS1E', 'SJB0012', 'THC0035'),
	('SCH001', 'CLS1F', 'SJB0012', 'THC0035'),
	('SCH001', 'CLS1G', 'SJB0012', 'THC0035'),
	('SCH001', 'CLS1H', 'SJB0012', 'THC0035'),
	('SCH001', 'CLS2E', 'SJB0012', 'THC0035'),
	('SCH001', 'CLS2F', 'SJB0012', 'THC0035'),
	('SCH001', 'CLS2G', 'SJB0012', 'THC0035'),
	('SCH001', 'CLS2H', 'SJB0012', 'THC0035'),
	('SCH001', 'CLS3F', 'SJB0012', 'THC0035'),
	('SCH001', 'CLS3G', 'SJB0012', 'THC0035'),
	('SCH001', 'CLS3H', 'SJB0012', 'THC0035'),
	('SCH001', 'CLS4F', 'SJB0012', 'THC0035'),
	('SCH001', 'CLS4G', 'SJB0012', 'THC0035'),
	('SCH001', 'CLS4H', 'SJB0012', 'THC0035'),
	('SCH001', 'CLS5E', 'SJB0012', 'THC0035'),
	('SCH001', 'CLS5F', 'SJB0012', 'THC0035'),
	('SCH001', 'CLS5G', 'SJB0012', 'THC0035'),
	('SCH001', 'CLS5H', 'SJB0012', 'THC0035'),
	('SCH001', 'CLS1E', 'SJB009', 'THC0036'),
	('SCH001', 'CLS1F', 'SJB009', 'THC0036'),
	('SCH001', 'CLS2E', 'SJB009', 'THC0036'),
	('SCH001', 'CLS2F', 'SJB009', 'THC0036'),
	('SCH001', 'CLS4E', 'SJB009', 'THC0036'),
	('SCH001', 'CLS5E', 'SJB0022', 'THC0036'),
	('SCH001', 'CLS5E', 'SJB009', 'THC0036'),
	('SCH001', 'CLS1E', 'SJB001', 'THC0037'),
	('SCH001', 'CLS1E', 'SJB003', 'THC0037'),
	('SCH001', 'CLS1E', 'SJB007', 'THC0037'),
	('SCH001', 'CLS2E', 'SJB001', 'THC0037'),
	('SCH001', 'CLS2E', 'SJB003', 'THC0037'),
	('SCH001', 'CLS5E', 'SJB001', 'THC0037'),
	('SCH001', 'CLS5E', 'SJB0018', 'THC0037'),
	('SCH001', 'CLS1E', 'SJB0011', 'THC0038'),
	('SCH001', 'CLS1F', 'SJB0011', 'THC0038'),
	('SCH001', 'CLS1G', 'SJB0011', 'THC0038'),
	('SCH001', 'CLS2E', 'SJB0011', 'THC0038'),
	('SCH001', 'CLS2F', 'SJB0011', 'THC0038'),
	('SCH001', 'CLS2G', 'SJB0011', 'THC0038'),
	('SCH001', 'CLS3F', 'SJB0011', 'THC0038'),
	('SCH001', 'CLS3G', 'SJB0011', 'THC0038'),
	('SCH001', 'CLS4F', 'SJB0011', 'THC0038'),
	('SCH001', 'CLS5E', 'SJB0011', 'THC0038'),
	('SCH001', 'CLS5F', 'SJB0011', 'THC0038'),
	('SCH001', 'CLS1F', 'SJB001', 'THC0039'),
	('SCH001', 'CLS1F', 'SJB003', 'THC0039'),
	('SCH001', 'CLS1F', 'SJB007', 'THC0039'),
	('SCH001', 'CLS2E', 'SJB007', 'THC0039'),
	('SCH001', 'CLS2F', 'SJB001', 'THC0039'),
	('SCH001', 'CLS2F', 'SJB003', 'THC0039'),
	('SCH001', 'CLS2F', 'SJB007', 'THC0039'),
	('SCH001', 'CLS1A', 'SJB004', 'THC004'),
	('SCH001', 'CLS1A', 'SJB006', 'THC004'),
	('SCH001', 'CLS2A', 'SJB004', 'THC004'),
	('SCH001', 'CLS2A', 'SJB006', 'THC004'),
	('SCH001', 'CLS3A', 'SJB004', 'THC004'),
	('SCH001', 'CLS3B', 'SJB004', 'THC004'),
	('SCH001', 'CLS4A', 'SJB004', 'THC004'),
	('SCH002', 'CLS1A', 'SJB007', 'THC004'),
	('SCH002', 'CLS2A', 'SJB007', 'THC004'),
	('SCH002', 'CLS3A', 'SJB007', 'THC004'),
	('SCH002', 'CLS4A', 'SJB007', 'THC004'),
	('SCH002', 'CLS5A', 'SJB007', 'THC004'),
	('SCH003', 'CLS3A', 'SJB0013', 'THC004'),
	('SCH001', 'CLS1F', 'SJB004', 'THC0040'),
	('SCH001', 'CLS1G', 'SJB006', 'THC0040'),
	('SCH001', 'CLS2F', 'SJB004', 'THC0040'),
	('SCH001', 'CLS2F', 'SJB006', 'THC0040'),
	('SCH001', 'CLS3F', 'SJB004', 'THC0040'),
	('SCH001', 'CLS4F', 'SJB004', 'THC0040'),
	('SCH001', 'CLS5F', 'SJB004', 'THC0040'),
	('SCH001', 'CLS1G', 'SJB008', 'THC0041'),
	('SCH001', 'CLS1H', 'SJB008', 'THC0041'),
	('SCH001', 'CLS2F', 'SJB008', 'THC0041'),
	('SCH001', 'CLS2G', 'SJB008', 'THC0041'),
	('SCH001', 'CLS2H', 'SJB008', 'THC0041'),
	('SCH001', 'CLS3F', 'SJB008', 'THC0041'),
	('SCH001', 'CLS3G', 'SJB008', 'THC0041'),
	('SCH001', 'CLS4F', 'SJB008', 'THC0041'),
	('SCH001', 'CLS4G', 'SJB008', 'THC0041'),
	('SCH001', 'CLS1G', 'SJB002', 'THC0042'),
	('SCH001', 'CLS2G', 'SJB002', 'THC0042'),
	('SCH001', 'CLS3F', 'SJB002', 'THC0042'),
	('SCH001', 'CLS3G', 'SJB002', 'THC0042'),
	('SCH001', 'CLS4F', 'SJB002', 'THC0042'),
	('SCH001', 'CLS4G', 'SJB002', 'THC0042'),
	('SCH001', 'CLS5F', 'SJB002', 'THC0042'),
	('SCH001', 'CLS1G', 'SJB001', 'THC0043'),
	('SCH001', 'CLS3F', 'SJB001', 'THC0043'),
	('SCH001', 'CLS3F', 'SJB0018', 'THC0043'),
	('SCH001', 'CLS4F', 'SJB001', 'THC0043'),
	('SCH001', 'CLS4F', 'SJB0018', 'THC0043'),
	('SCH001', 'CLS5F', 'SJB001', 'THC0043'),
	('SCH001', 'CLS5F', 'SJB0018', 'THC0043'),
	('SCH001', 'CLS1G', 'SJB009', 'THC0044'),
	('SCH001', 'CLS2G', 'SJB009', 'THC0044'),
	('SCH001', 'CLS3F', 'SJB009', 'THC0044'),
	('SCH001', 'CLS3G', 'SJB009', 'THC0044'),
	('SCH001', 'CLS4F', 'SJB009', 'THC0044'),
	('SCH001', 'CLS5F', 'SJB009', 'THC0044'),
	('SCH001', 'CLS5G', 'SJB009', 'THC0044'),
	('SCH001', 'CLS1G', 'SJB005', 'THC0045'),
	('SCH001', 'CLS2G', 'SJB005', 'THC0045'),
	('SCH001', 'CLS3F', 'SJB0019', 'THC0045'),
	('SCH001', 'CLS3F', 'SJB0020', 'THC0045'),
	('SCH001', 'CLS3G', 'SJB0019', 'THC0045'),
	('SCH001', 'CLS3G', 'SJB0020', 'THC0045'),
	('SCH001', 'CLS5F', 'SJB0019', 'THC0045'),
	('SCH001', 'CLS5F', 'SJB0020', 'THC0045'),
	('SCH001', 'CLS1G', 'SJB0010', 'THC0046'),
	('SCH001', 'CLS1H', 'SJB0010', 'THC0046'),
	('SCH001', 'CLS2G', 'SJB0010', 'THC0046'),
	('SCH001', 'CLS2H', 'SJB0010', 'THC0046'),
	('SCH001', 'CLS3F', 'SJB0010', 'THC0046'),
	('SCH001', 'CLS3G', 'SJB0010', 'THC0046'),
	('SCH001', 'CLS5F', 'SJB0010', 'THC0046'),
	('SCH001', 'CLS1G', 'SJB003', 'THC0047'),
	('SCH001', 'CLS1G', 'SJB007', 'THC0047'),
	('SCH001', 'CLS2G', 'SJB001', 'THC0047'),
	('SCH001', 'CLS2G', 'SJB003', 'THC0047'),
	('SCH001', 'CLS2G', 'SJB007', 'THC0047'),
	('SCH001', 'CLS3G', 'SJB001', 'THC0047'),
	('SCH001', 'CLS3G', 'SJB0018', 'THC0047'),
	('SCH001', 'CLS4G', 'SJB0018', 'THC0047'),
	('SCH001', 'CLS1G', 'SJB004', 'THC0048'),
	('SCH001', 'CLS1H', 'SJB006', 'THC0048'),
	('SCH001', 'CLS2G', 'SJB004', 'THC0048'),
	('SCH001', 'CLS2G', 'SJB006', 'THC0048'),
	('SCH001', 'CLS3G', 'SJB004', 'THC0048'),
	('SCH001', 'CLS4G', 'SJB004', 'THC0048'),
	('SCH001', 'CLS5G', 'SJB004', 'THC0048'),
	('SCH001', 'CLS1H', 'SJB001', 'THC0049'),
	('SCH001', 'CLS1H', 'SJB003', 'THC0049'),
	('SCH001', 'CLS1H', 'SJB007', 'THC0049'),
	('SCH001', 'CLS2H', 'SJB003', 'THC0049'),
	('SCH001', 'CLS4G', 'SJB001', 'THC0049'),
	('SCH001', 'CLS5G', 'SJB001', 'THC0049'),
	('SCH001', 'CLS5G', 'SJB0018', 'THC0049'),
	('SCH001', 'CLS1A', 'SJB007', 'THC005'),
	('SCH001', 'CLS1B', 'SJB007', 'THC005'),
	('SCH001', 'CLS1C', 'SJB007', 'THC005'),
	('SCH001', 'CLS1D', 'SJB007', 'THC005'),
	('SCH001', 'CLS2A', 'SJB007', 'THC005'),
	('SCH001', 'CLS2B', 'SJB007', 'THC005'),
	('SCH001', 'CLS2C', 'SJB007', 'THC005'),
	('SCH001', 'CLS3B', 'SJB0015', 'THC005'),
	('SCH002', 'CLS1A', 'SJB008', 'THC005'),
	('SCH002', 'CLS1A', 'SJB009', 'THC005'),
	('SCH002', 'CLS2A', 'SJB008', 'THC005'),
	('SCH002', 'CLS2A', 'SJB009', 'THC005'),
	('SCH002', 'CLS3A', 'SJB008', 'THC005'),
	('SCH002', 'CLS3A', 'SJB009', 'THC005'),
	('SCH002', 'CLS4A', 'SJB009', 'THC005'),
	('SCH003', 'CLS2A', 'SJB008', 'THC005'),
	('SCH003', 'CLS3A', 'SJB0011', 'THC005'),
	('SCH003', 'CLS3A', 'SJB0012', 'THC005'),
	('SCH001', 'CLS3H', 'SJB0010', 'THC0050'),
	('SCH001', 'CLS4G', 'SJB0010', 'THC0050'),
	('SCH001', 'CLS4H', 'SJB0010', 'THC0050'),
	('SCH001', 'CLS5G', 'SJB0010', 'THC0050'),
	('SCH001', 'CLS1H', 'SJB0011', 'THC0051'),
	('SCH001', 'CLS2H', 'SJB0011', 'THC0051'),
	('SCH001', 'CLS3H', 'SJB0011', 'THC0051'),
	('SCH001', 'CLS4G', 'SJB0011', 'THC0051'),
	('SCH001', 'CLS4H', 'SJB0011', 'THC0051'),
	('SCH001', 'CLS5G', 'SJB0011', 'THC0051'),
	('SCH001', 'CLS5H', 'SJB0011', 'THC0051'),
	('SCH001', 'CLS1H', 'SJB005', 'THC0052'),
	('SCH001', 'CLS2H', 'SJB005', 'THC0052'),
	('SCH001', 'CLS3H', 'SJB0019', 'THC0052'),
	('SCH001', 'CLS4G', 'SJB0019', 'THC0052'),
	('SCH001', 'CLS4G', 'SJB0020', 'THC0052'),
	('SCH001', 'CLS4H', 'SJB0019', 'THC0052'),
	('SCH001', 'CLS5G', 'SJB0019', 'THC0052'),
	('SCH001', 'CLS5G', 'SJB0020', 'THC0052'),
	('SCH001', 'CLS5H', 'SJB0019', 'THC0052'),
	('SCH001', 'CLS3H', 'SJB0021', 'THC0053'),
	('SCH001', 'CLS4H', 'SJB0021', 'THC0053'),
	('SCH001', 'CLS5G', 'SJB008', 'THC0053'),
	('SCH001', 'CLS1H', 'SJB002', 'THC0054'),
	('SCH001', 'CLS2H', 'SJB002', 'THC0054'),
	('SCH001', 'CLS3H', 'SJB0013', 'THC0054'),
	('SCH001', 'CLS3H', 'SJB002', 'THC0054'),
	('SCH001', 'CLS4H', 'SJB0013', 'THC0054'),
	('SCH001', 'CLS4H', 'SJB002', 'THC0054'),
	('SCH001', 'CLS5H', 'SJB002', 'THC0054'),
	('SCH001', 'CLS1H', 'SJB004', 'THC0055'),
	('SCH001', 'CLS2H', 'SJB004', 'THC0055'),
	('SCH001', 'CLS3H', 'SJB004', 'THC0055'),
	('SCH001', 'CLS4H', 'SJB004', 'THC0055'),
	('SCH001', 'CLS5H', 'SJB004', 'THC0055'),
	('SCH001', 'CLS1H', 'SJB009', 'THC0056'),
	('SCH001', 'CLS2H', 'SJB009', 'THC0056'),
	('SCH001', 'CLS3H', 'SJB0022', 'THC0056'),
	('SCH001', 'CLS3H', 'SJB009', 'THC0056'),
	('SCH001', 'CLS4H', 'SJB0022', 'THC0056'),
	('SCH001', 'CLS4H', 'SJB009', 'THC0056'),
	('SCH001', 'CLS5H', 'SJB0022', 'THC0056'),
	('SCH001', 'CLS5H', 'SJB009', 'THC0056'),
	('SCH001', 'CLS2H', 'SJB001', 'THC0057'),
	('SCH001', 'CLS2H', 'SJB007', 'THC0057'),
	('SCH001', 'CLS3H', 'SJB001', 'THC0057'),
	('SCH001', 'CLS3H', 'SJB0018', 'THC0057'),
	('SCH001', 'CLS4H', 'SJB001', 'THC0057'),
	('SCH001', 'CLS4H', 'SJB0018', 'THC0057'),
	('SCH001', 'CLS5H', 'SJB0018', 'THC0057'),
	('SCH001', 'CLS2H', 'SJB006', 'THC0058'),
	('SCH001', 'CLS5H', 'SJB001', 'THC0059'),
	('SCH001', 'CLS1A', 'SJB008', 'THC006'),
	('SCH001', 'CLS1B', 'SJB008', 'THC006'),
	('SCH001', 'CLS2A', 'SJB008', 'THC006'),
	('SCH001', 'CLS2B', 'SJB008', 'THC006'),
	('SCH001', 'CLS3A', 'SJB008', 'THC006'),
	('SCH001', 'CLS3C', 'SJB008', 'THC006'),
	('SCH001', 'CLS4A', 'SJB008', 'THC006'),
	('SCH001', 'CLS5C', 'SJB008', 'THC006'),
	('SCH002', 'CLS1A', 'SJB0010', 'THC006'),
	('SCH002', 'CLS1B', 'SJB0010', 'THC006'),
	('SCH002', 'CLS1C', 'SJB0010', 'THC006'),
	('SCH002', 'CLS2A', 'SJB0010', 'THC006'),
	('SCH002', 'CLS2B', 'SJB0010', 'THC006'),
	('SCH002', 'CLS3A', 'SJB0010', 'THC006'),
	('SCH002', 'CLS3B', 'SJB0010', 'THC006'),
	('SCH002', 'CLS4A', 'SJB0010', 'THC006'),
	('SCH002', 'CLS4B', 'SJB0010', 'THC006'),
	('SCH002', 'CLS5A', 'SJB0010', 'THC006'),
	('SCH002', 'CLS5B', 'SJB0010', 'THC006'),
	('SCH003', 'CLS3A', 'SJB0010', 'THC006'),
	('SCH001', 'CLS5H', 'SJB0010', 'THC0060'),
	('SCH001', 'CLS1A', 'SJB009', 'THC007'),
	('SCH001', 'CLS1B', 'SJB009', 'THC007'),
	('SCH001', 'CLS2A', 'SJB009', 'THC007'),
	('SCH001', 'CLS3A', 'SJB009', 'THC007'),
	('SCH001', 'CLS3B', 'SJB009', 'THC007'),
	('SCH001', 'CLS4A', 'SJB009', 'THC007'),
	('SCH001', 'CLS5A', 'SJB009', 'THC007'),
	('SCH002', 'CLS1A', 'SJB0011', 'THC007'),
	('SCH002', 'CLS1B', 'SJB0011', 'THC007'),
	('SCH002', 'CLS1C', 'SJB0011', 'THC007'),
	('SCH002', 'CLS2A', 'SJB0011', 'THC007'),
	('SCH002', 'CLS2B', 'SJB0011', 'THC007'),
	('SCH002', 'CLS3A', 'SJB0011', 'THC007'),
	('SCH002', 'CLS3B', 'SJB0011', 'THC007'),
	('SCH002', 'CLS4A', 'SJB0011', 'THC007'),
	('SCH002', 'CLS4B', 'SJB0011', 'THC007'),
	('SCH002', 'CLS5A', 'SJB0011', 'THC007'),
	('SCH002', 'CLS5B', 'SJB0011', 'THC007'),
	('SCH001', 'CLS1A', 'SJB0010', 'THC008'),
	('SCH001', 'CLS2A', 'SJB0010', 'THC008'),
	('SCH001', 'CLS3A', 'SJB0010', 'THC008'),
	('SCH001', 'CLS3B', 'SJB0014', 'THC008'),
	('SCH001', 'CLS4A', 'SJB0010', 'THC008'),
	('SCH001', 'CLS5A', 'SJB0010', 'THC008'),
	('SCH002', 'CLS1A', 'SJB0012', 'THC008'),
	('SCH002', 'CLS1B', 'SJB0012', 'THC008'),
	('SCH002', 'CLS1C', 'SJB0012', 'THC008'),
	('SCH002', 'CLS1D', 'SJB0012', 'THC008'),
	('SCH002', 'CLS2A', 'SJB0012', 'THC008'),
	('SCH002', 'CLS2B', 'SJB0012', 'THC008'),
	('SCH002', 'CLS2C', 'SJB0012', 'THC008'),
	('SCH002', 'CLS2D', 'SJB0012', 'THC008'),
	('SCH002', 'CLS3A', 'SJB0012', 'THC008'),
	('SCH002', 'CLS3B', 'SJB0012', 'THC008'),
	('SCH002', 'CLS3C', 'SJB0012', 'THC008'),
	('SCH002', 'CLS3D', 'SJB0012', 'THC008'),
	('SCH002', 'CLS4A', 'SJB0012', 'THC008'),
	('SCH002', 'CLS4B', 'SJB0012', 'THC008'),
	('SCH002', 'CLS4C', 'SJB0012', 'THC008'),
	('SCH002', 'CLS4D', 'SJB0012', 'THC008'),
	('SCH002', 'CLS5A', 'SJB0012', 'THC008'),
	('SCH002', 'CLS5B', 'SJB0012', 'THC008'),
	('SCH002', 'CLS5C', 'SJB0012', 'THC008'),
	('SCH002', 'CLS5D', 'SJB0012', 'THC008'),
	('SCH001', 'CLS1A', 'SJB0011', 'THC009'),
	('SCH001', 'CLS1B', 'SJB0011', 'THC009'),
	('SCH001', 'CLS2A', 'SJB0011', 'THC009'),
	('SCH001', 'CLS2B', 'SJB0011', 'THC009'),
	('SCH001', 'CLS3A', 'SJB0011', 'THC009'),
	('SCH001', 'CLS3B', 'SJB0011', 'THC009'),
	('SCH001', 'CLS3C', 'SJB0011', 'THC009'),
	('SCH001', 'CLS4A', 'SJB0011', 'THC009'),
	('SCH001', 'CLS4B', 'SJB0011', 'THC009'),
	('SCH001', 'CLS5A', 'SJB0011', 'THC009'),
	('SCH001', 'CLS5B', 'SJB0011', 'THC009'),
	('SCH002', 'CLS1B', 'SJB002', 'THC009'),
	('SCH002', 'CLS3A', 'SJB005', 'THC009'),
	('SCH002', 'CLS3B', 'SJB005', 'THC009'),
	('SCH002', 'CLS4A', 'SJB001', 'THC009'),
	('SCH002', 'CLS4A', 'SJB002', 'THC009'),
	('SCH002', 'CLS4A', 'SJB005', 'THC009'),
	('SCH002', 'CLS5A', 'SJB002', 'THC009'),
	('SCH002', 'CLS5A', 'SJB005', 'THC009');
/*!40000 ALTER TABLE `role` ENABLE KEYS */;

-- Dump della struttura di tabella timetable.school
CREATE TABLE IF NOT EXISTS `school` (
  `schoolID` varchar(7) NOT NULL,
  `name` varchar(50) NOT NULL,
  `address` varchar(50) NOT NULL,
  `startLessons` int(11) NOT NULL,
  `endLessons` int(11) NOT NULL,
  `workDays` int(11) NOT NULL,
  PRIMARY KEY (`schoolID`)
) ENGINE=InnoDB DEFAULT CHARSET=latin1;

-- Dump dei dati della tabella timetable.school: ~2 rows (circa)
/*!40000 ALTER TABLE `school` DISABLE KEYS */;
INSERT INTO `school` (`schoolID`, `name`, `address`, `startLessons`, `endLessons`, `workDays`) VALUES
	('SCH001', 'ITC Paolo Savi', 'VIA DIAZ, 10 - VITERBO', 8, 13, 6),
	('SCH002', 'LICEO SCIENTIFICO GALILEI', 'VIA ROMA 10 - TORINO', 8, 14, 5),
	('SCH003', 'ACCADEMIA DI TEATRO', 'VIA DEL FIUME, 2 - ROMA ', 9, 13, 4);
/*!40000 ALTER TABLE `school` ENABLE KEYS */;

-- Dump della struttura di tabella timetable.study_plan
CREATE TABLE IF NOT EXISTS `study_plan` (
  `subjectID` varchar(7) NOT NULL,
  `courseID` varchar(7) NOT NULL,
  `schoolID` varchar(7) NOT NULL,
  `hoursweek` int(2) NOT NULL,
  `hoursLab` int(2) DEFAULT '0',
  `typeLab` int(11) DEFAULT NULL,
  PRIMARY KEY (`subjectID`,`courseID`,`schoolID`),
  KEY `FK_study_plan_course` (`schoolID`,`courseID`),
  CONSTRAINT `FK_study_plan_course` FOREIGN KEY (`schoolID`, `courseID`) REFERENCES `course` (`schoolID`, `courseID`),
  CONSTRAINT `FK_study_plan_subject` FOREIGN KEY (`subjectID`) REFERENCES `subject` (`subjectID`)
) ENGINE=InnoDB DEFAULT CHARSET=latin1;

-- Dump dei dati della tabella timetable.study_plan: ~275 rows (circa)
/*!40000 ALTER TABLE `study_plan` DISABLE KEYS */;
INSERT INTO `study_plan` (`subjectID`, `courseID`, `schoolID`, `hoursweek`, `hoursLab`, `typeLab`) VALUES
	('SJB001', 'CRS001', 'SCH001', 4, 1, 8),
	('SJB001', 'CRS001', 'SCH002', 4, 1, 8),
	('SJB001', 'CRS001', 'SCH003', 2, 0, 0),
	('SJB001', 'CRS0010', 'SCH001', 4, 1, 8),
	('SJB001', 'CRS0010', 'SCH002', 4, 0, 0),
	('SJB001', 'CRS0011', 'SCH001', 4, 1, 8),
	('SJB001', 'CRS0012', 'SCH001', 4, 1, 8),
	('SJB001', 'CRS0013', 'SCH001', 4, 1, 8),
	('SJB001', 'CRS0014', 'SCH001', 4, 1, 8),
	('SJB001', 'CRS0015', 'SCH001', 4, 1, 8),
	('SJB001', 'CRS0016', 'SCH001', 4, 1, 8),
	('SJB001', 'CRS002', 'SCH001', 4, 1, 8),
	('SJB001', 'CRS002', 'SCH002', 4, 1, 8),
	('SJB001', 'CRS003', 'SCH001', 4, 1, 8),
	('SJB001', 'CRS003', 'SCH002', 4, 1, 8),
	('SJB001', 'CRS004', 'SCH001', 4, 1, 8),
	('SJB001', 'CRS004', 'SCH002', 4, 1, 8),
	('SJB001', 'CRS005', 'SCH001', 4, 1, 8),
	('SJB001', 'CRS005', 'SCH002', 4, 1, 8),
	('SJB001', 'CRS006', 'SCH001', 4, 1, 8),
	('SJB001', 'CRS006', 'SCH002', 4, 0, 0),
	('SJB001', 'CRS007', 'SCH001', 4, 1, 8),
	('SJB001', 'CRS007', 'SCH002', 4, 0, 0),
	('SJB001', 'CRS008', 'SCH001', 4, 1, 8),
	('SJB001', 'CRS008', 'SCH002', 4, 0, 0),
	('SJB001', 'CRS009', 'SCH001', 4, 1, 8),
	('SJB001', 'CRS009', 'SCH002', 4, 0, 0),
	('SJB0010', 'CRS001', 'SCH001', 2, 0, 0),
	('SJB0010', 'CRS001', 'SCH002', 2, 1, 4),
	('SJB0010', 'CRS0010', 'SCH002', 2, 1, 4),
	('SJB0010', 'CRS0011', 'SCH001', 3, 0, 0),
	('SJB0010', 'CRS0012', 'SCH001', 6, 0, 0),
	('SJB0010', 'CRS0013', 'SCH001', 6, 0, 0),
	('SJB0010', 'CRS0014', 'SCH001', 3, 0, 0),
	('SJB0010', 'CRS0015', 'SCH001', 3, 0, 0),
	('SJB0010', 'CRS0016', 'SCH001', 5, 0, 0),
	('SJB0010', 'CRS002', 'SCH001', 2, 0, 0),
	('SJB0010', 'CRS002', 'SCH002', 2, 1, 4),
	('SJB0010', 'CRS003', 'SCH002', 2, 1, 4),
	('SJB0010', 'CRS003', 'SCH003', 5, 5, 0),
	('SJB0010', 'CRS004', 'SCH001', 4, 0, 0),
	('SJB0010', 'CRS004', 'SCH002', 2, 1, 4),
	('SJB0010', 'CRS005', 'SCH001', 5, 0, 0),
	('SJB0010', 'CRS005', 'SCH002', 2, 1, 4),
	('SJB0010', 'CRS006', 'SCH001', 6, 0, 0),
	('SJB0010', 'CRS006', 'SCH002', 2, 1, 4),
	('SJB0010', 'CRS007', 'SCH001', 2, 0, 0),
	('SJB0010', 'CRS007', 'SCH002', 2, 1, 4),
	('SJB0010', 'CRS008', 'SCH001', 2, 0, 0),
	('SJB0010', 'CRS008', 'SCH002', 2, 1, 4),
	('SJB0010', 'CRS009', 'SCH002', 2, 1, 4),
	('SJB0011', 'CRS001', 'SCH001', 2, 2, 0),
	('SJB0011', 'CRS001', 'SCH002', 2, 2, 0),
	('SJB0011', 'CRS0010', 'SCH001', 2, 2, 0),
	('SJB0011', 'CRS0010', 'SCH002', 2, 2, 0),
	('SJB0011', 'CRS0011', 'SCH001', 2, 2, 0),
	('SJB0011', 'CRS0012', 'SCH001', 2, 2, 0),
	('SJB0011', 'CRS0013', 'SCH001', 2, 2, 0),
	('SJB0011', 'CRS0014', 'SCH001', 2, 2, 0),
	('SJB0011', 'CRS0015', 'SCH001', 2, 2, 0),
	('SJB0011', 'CRS0016', 'SCH001', 2, 2, 0),
	('SJB0011', 'CRS002', 'SCH001', 2, 2, 0),
	('SJB0011', 'CRS002', 'SCH002', 2, 2, 0),
	('SJB0011', 'CRS003', 'SCH001', 2, 2, 0),
	('SJB0011', 'CRS003', 'SCH002', 2, 2, 0),
	('SJB0011', 'CRS003', 'SCH003', 5, 0, 0),
	('SJB0011', 'CRS004', 'SCH001', 2, 2, 0),
	('SJB0011', 'CRS004', 'SCH002', 2, 2, 0),
	('SJB0011', 'CRS005', 'SCH001', 2, 2, 0),
	('SJB0011', 'CRS005', 'SCH002', 2, 2, 0),
	('SJB0011', 'CRS006', 'SCH001', 2, 2, 0),
	('SJB0011', 'CRS006', 'SCH002', 2, 2, 0),
	('SJB0011', 'CRS007', 'SCH001', 2, 2, 0),
	('SJB0011', 'CRS007', 'SCH002', 2, 2, 0),
	('SJB0011', 'CRS008', 'SCH001', 2, 2, 0),
	('SJB0011', 'CRS008', 'SCH002', 2, 2, 0),
	('SJB0011', 'CRS009', 'SCH001', 2, 2, 0),
	('SJB0011', 'CRS009', 'SCH002', 2, 2, 0),
	('SJB0012', 'CRS001', 'SCH001', 1, 0, 0),
	('SJB0012', 'CRS001', 'SCH002', 1, 0, 0),
	('SJB0012', 'CRS0010', 'SCH001', 1, 0, 0),
	('SJB0012', 'CRS0010', 'SCH002', 1, 0, 0),
	('SJB0012', 'CRS0011', 'SCH001', 1, 0, 0),
	('SJB0012', 'CRS0012', 'SCH001', 1, 0, 0),
	('SJB0012', 'CRS0013', 'SCH001', 1, 0, 0),
	('SJB0012', 'CRS0014', 'SCH001', 1, 0, 0),
	('SJB0012', 'CRS0015', 'SCH001', 1, 0, 0),
	('SJB0012', 'CRS0016', 'SCH001', 1, 0, 0),
	('SJB0012', 'CRS002', 'SCH001', 1, 0, 0),
	('SJB0012', 'CRS002', 'SCH002', 1, 0, 0),
	('SJB0012', 'CRS003', 'SCH001', 1, 0, 0),
	('SJB0012', 'CRS003', 'SCH002', 1, 0, 0),
	('SJB0012', 'CRS003', 'SCH003', 2, 0, 0),
	('SJB0012', 'CRS004', 'SCH001', 1, 0, 0),
	('SJB0012', 'CRS004', 'SCH002', 1, 0, 0),
	('SJB0012', 'CRS005', 'SCH001', 1, 0, 0),
	('SJB0012', 'CRS005', 'SCH002', 1, 0, 0),
	('SJB0012', 'CRS006', 'SCH001', 1, 0, 0),
	('SJB0012', 'CRS006', 'SCH002', 1, 0, 0),
	('SJB0012', 'CRS007', 'SCH001', 1, 0, 0),
	('SJB0012', 'CRS007', 'SCH002', 1, 0, 0),
	('SJB0012', 'CRS008', 'SCH001', 1, 0, 0),
	('SJB0012', 'CRS008', 'SCH002', 1, 0, 0),
	('SJB0012', 'CRS009', 'SCH001', 1, 0, 0),
	('SJB0012', 'CRS009', 'SCH002', 1, 0, 0),
	('SJB0013', 'CRS0010', 'SCH001', 3, 1, 3),
	('SJB0013', 'CRS0010', 'SCH002', 2, 2, 7),
	('SJB0013', 'CRS0014', 'SCH001', 3, 1, 3),
	('SJB0013', 'CRS0015', 'SCH001', 3, 1, 3),
	('SJB0013', 'CRS0016', 'SCH001', 2, 1, 3),
	('SJB0013', 'CRS003', 'SCH001', 3, 1, 3),
	('SJB0013', 'CRS003', 'SCH003', 4, 4, 2),
	('SJB0013', 'CRS006', 'SCH002', 3, 2, 7),
	('SJB0013', 'CRS007', 'SCH002', 3, 2, 7),
	('SJB0013', 'CRS008', 'SCH002', 2, 2, 7),
	('SJB0013', 'CRS009', 'SCH001', 3, 1, 3),
	('SJB0013', 'CRS009', 'SCH002', 2, 2, 7),
	('SJB0014', 'CRS0010', 'SCH001', 3, 0, 0),
	('SJB0014', 'CRS0010', 'SCH002', 3, 1, 3),
	('SJB0014', 'CRS003', 'SCH001', 3, 0, 0),
	('SJB0014', 'CRS006', 'SCH002', 3, 1, 3),
	('SJB0014', 'CRS007', 'SCH002', 3, 1, 3),
	('SJB0014', 'CRS008', 'SCH002', 3, 1, 3),
	('SJB0014', 'CRS009', 'SCH001', 3, 0, 0),
	('SJB0014', 'CRS009', 'SCH002', 3, 1, 3),
	('SJB0015', 'CRS0010', 'SCH001', 2, 0, 0),
	('SJB0015', 'CRS003', 'SCH001', 1, 0, 0),
	('SJB0015', 'CRS009', 'SCH001', 2, 0, 0),
	('SJB0016', 'CRS0010', 'SCH001', 2, 0, 0),
	('SJB0016', 'CRS003', 'SCH001', 3, 0, 0),
	('SJB0016', 'CRS009', 'SCH001', 2, 0, 0),
	('SJB0017', 'CRS0010', 'SCH001', 2, 1, 2),
	('SJB0017', 'CRS003', 'SCH001', 2, 1, 2),
	('SJB0017', 'CRS009', 'SCH001', 2, 1, 2),
	('SJB0018', 'CRS0011', 'SCH001', 2, 0, 0),
	('SJB0018', 'CRS0012', 'SCH001', 2, 0, 0),
	('SJB0018', 'CRS0013', 'SCH001', 2, 0, 0),
	('SJB0018', 'CRS0014', 'SCH001', 2, 0, 0),
	('SJB0018', 'CRS0015', 'SCH001', 2, 0, 0),
	('SJB0018', 'CRS0016', 'SCH001', 2, 0, 0),
	('SJB0018', 'CRS004', 'SCH001', 2, 0, 0),
	('SJB0018', 'CRS005', 'SCH001', 2, 0, 0),
	('SJB0018', 'CRS006', 'SCH001', 2, 0, 0),
	('SJB0019', 'CRS0011', 'SCH001', 3, 0, 0),
	('SJB0019', 'CRS0012', 'SCH001', 3, 0, 0),
	('SJB0019', 'CRS0013', 'SCH001', 2, 0, 0),
	('SJB0019', 'CRS0014', 'SCH001', 2, 0, 0),
	('SJB0019', 'CRS0015', 'SCH001', 2, 0, 0),
	('SJB0019', 'CRS0016', 'SCH001', 2, 0, 0),
	('SJB0019', 'CRS004', 'SCH001', 3, 0, 0),
	('SJB0019', 'CRS005', 'SCH001', 3, 0, 0),
	('SJB0019', 'CRS006', 'SCH001', 3, 0, 0),
	('SJB002', 'CRS001', 'SCH001', 3, 1, 3),
	('SJB002', 'CRS001', 'SCH002', 4, 0, 0),
	('SJB002', 'CRS001', 'SCH003', 4, 4, 0),
	('SJB002', 'CRS0010', 'SCH001', 3, 1, 3),
	('SJB002', 'CRS0011', 'SCH001', 3, 1, 3),
	('SJB002', 'CRS0012', 'SCH001', 3, 1, 3),
	('SJB002', 'CRS0014', 'SCH001', 3, 1, 3),
	('SJB002', 'CRS0015', 'SCH001', 3, 1, 3),
	('SJB002', 'CRS0016', 'SCH001', 3, 1, 3),
	('SJB002', 'CRS002', 'SCH001', 3, 1, 3),
	('SJB002', 'CRS002', 'SCH002', 4, 0, 0),
	('SJB002', 'CRS003', 'SCH001', 3, 1, 3),
	('SJB002', 'CRS003', 'SCH002', 3, 0, 0),
	('SJB002', 'CRS004', 'SCH001', 3, 1, 3),
	('SJB002', 'CRS004', 'SCH002', 3, 0, 0),
	('SJB002', 'CRS005', 'SCH001', 3, 1, 3),
	('SJB002', 'CRS005', 'SCH002', 3, 0, 0),
	('SJB002', 'CRS006', 'SCH001', 3, 1, 3),
	('SJB002', 'CRS007', 'SCH001', 3, 1, 3),
	('SJB002', 'CRS008', 'SCH001', 3, 1, 3),
	('SJB002', 'CRS009', 'SCH001', 3, 1, 3),
	('SJB0020', 'CRS0011', 'SCH001', 2, 0, 0),
	('SJB0020', 'CRS0012', 'SCH001', 2, 0, 0),
	('SJB0020', 'CRS0013', 'SCH001', 2, 0, 0),
	('SJB0020', 'CRS004', 'SCH001', 3, 0, 0),
	('SJB0020', 'CRS005', 'SCH001', 2, 0, 0),
	('SJB0020', 'CRS006', 'SCH001', 3, 0, 0),
	('SJB0021', 'CRS0014', 'SCH001', 2, 0, 0),
	('SJB0021', 'CRS0015', 'SCH001', 2, 0, 0),
	('SJB0022', 'CRS0014', 'SCH001', 2, 0, 0),
	('SJB0022', 'CRS0015', 'SCH001', 2, 0, 0),
	('SJB0022', 'CRS0016', 'SCH001', 3, 0, 0),
	('SJB003', 'CRS001', 'SCH001', 2, 0, 0),
	('SJB003', 'CRS001', 'SCH002', 3, 1, 3),
	('SJB003', 'CRS001', 'SCH003', 4, 4, 0),
	('SJB003', 'CRS0010', 'SCH001', 2, 0, 0),
	('SJB003', 'CRS002', 'SCH001', 2, 0, 0),
	('SJB003', 'CRS002', 'SCH002', 3, 0, 0),
	('SJB003', 'CRS003', 'SCH001', 2, 0, 0),
	('SJB003', 'CRS003', 'SCH002', 3, 1, 3),
	('SJB003', 'CRS004', 'SCH002', 3, 1, 3),
	('SJB003', 'CRS005', 'SCH002', 3, 1, 3),
	('SJB003', 'CRS007', 'SCH001', 2, 0, 0),
	('SJB003', 'CRS008', 'SCH001', 2, 0, 0),
	('SJB003', 'CRS009', 'SCH001', 2, 0, 0),
	('SJB004', 'CRS001', 'SCH001', 4, 0, 0),
	('SJB004', 'CRS001', 'SCH002', 3, 0, 0),
	('SJB004', 'CRS001', 'SCH003', 3, 0, 0),
	('SJB004', 'CRS0010', 'SCH001', 3, 0, 0),
	('SJB004', 'CRS0011', 'SCH001', 3, 0, 0),
	('SJB004', 'CRS0012', 'SCH001', 3, 0, 0),
	('SJB004', 'CRS0013', 'SCH001', 3, 0, 0),
	('SJB004', 'CRS0014', 'SCH001', 3, 0, 0),
	('SJB004', 'CRS0015', 'SCH001', 3, 0, 0),
	('SJB004', 'CRS0016', 'SCH001', 3, 0, 0),
	('SJB004', 'CRS002', 'SCH001', 4, 0, 0),
	('SJB004', 'CRS002', 'SCH002', 3, 0, 0),
	('SJB004', 'CRS003', 'SCH001', 3, 0, 0),
	('SJB004', 'CRS004', 'SCH001', 3, 0, 0),
	('SJB004', 'CRS005', 'SCH001', 3, 0, 0),
	('SJB004', 'CRS006', 'SCH001', 3, 0, 0),
	('SJB004', 'CRS006', 'SCH002', 3, 0, 0),
	('SJB004', 'CRS007', 'SCH001', 4, 0, 0),
	('SJB004', 'CRS007', 'SCH002', 3, 0, 0),
	('SJB004', 'CRS008', 'SCH001', 4, 0, 0),
	('SJB004', 'CRS009', 'SCH001', 3, 0, 0),
	('SJB005', 'CRS001', 'SCH001', 2, 0, 0),
	('SJB005', 'CRS001', 'SCH003', 3, 0, 0),
	('SJB005', 'CRS0010', 'SCH002', 2, 0, 0),
	('SJB005', 'CRS002', 'SCH001', 2, 0, 0),
	('SJB005', 'CRS003', 'SCH002', 2, 0, 0),
	('SJB005', 'CRS004', 'SCH002', 2, 0, 0),
	('SJB005', 'CRS005', 'SCH002', 2, 0, 0),
	('SJB005', 'CRS007', 'SCH001', 2, 0, 0),
	('SJB005', 'CRS008', 'SCH001', 2, 0, 0),
	('SJB005', 'CRS008', 'SCH002', 2, 0, 0),
	('SJB005', 'CRS009', 'SCH002', 2, 0, 0),
	('SJB006', 'CRS001', 'SCH001', 2, 0, 0),
	('SJB006', 'CRS0010', 'SCH002', 2, 0, 0),
	('SJB006', 'CRS002', 'SCH001', 2, 0, 0),
	('SJB006', 'CRS002', 'SCH003', 5, 5, 0),
	('SJB006', 'CRS003', 'SCH002', 3, 0, 0),
	('SJB006', 'CRS004', 'SCH002', 3, 0, 0),
	('SJB006', 'CRS005', 'SCH002', 3, 0, 0),
	('SJB006', 'CRS007', 'SCH001', 2, 0, 0),
	('SJB006', 'CRS008', 'SCH001', 2, 0, 0),
	('SJB006', 'CRS008', 'SCH002', 2, 0, 0),
	('SJB006', 'CRS009', 'SCH002', 2, 0, 0),
	('SJB007', 'CRS001', 'SCH001', 3, 0, 0),
	('SJB007', 'CRS001', 'SCH002', 5, 0, 0),
	('SJB007', 'CRS0010', 'SCH002', 4, 0, 0),
	('SJB007', 'CRS002', 'SCH001', 3, 0, 0),
	('SJB007', 'CRS002', 'SCH002', 5, 0, 0),
	('SJB007', 'CRS002', 'SCH003', 3, 0, 0),
	('SJB007', 'CRS003', 'SCH002', 4, 0, 0),
	('SJB007', 'CRS004', 'SCH002', 4, 0, 0),
	('SJB007', 'CRS005', 'SCH002', 4, 0, 0),
	('SJB007', 'CRS006', 'SCH002', 6, 0, 0),
	('SJB007', 'CRS007', 'SCH001', 3, 0, 0),
	('SJB007', 'CRS007', 'SCH002', 5, 0, 0),
	('SJB007', 'CRS008', 'SCH001', 3, 0, 0),
	('SJB007', 'CRS008', 'SCH002', 4, 0, 0),
	('SJB007', 'CRS009', 'SCH002', 4, 0, 0),
	('SJB008', 'CRS001', 'SCH001', 2, 2, 7),
	('SJB008', 'CRS001', 'SCH002', 3, 1, 6),
	('SJB008', 'CRS0010', 'SCH002', 3, 1, 6),
	('SJB008', 'CRS0011', 'SCH001', 4, 4, 7),
	('SJB008', 'CRS0012', 'SCH001', 4, 4, 7),
	('SJB008', 'CRS0013', 'SCH001', 5, 5, 7),
	('SJB008', 'CRS002', 'SCH001', 2, 2, 7),
	('SJB008', 'CRS002', 'SCH002', 3, 1, 6),
	('SJB008', 'CRS002', 'SCH003', 4, 4, 0),
	('SJB008', 'CRS003', 'SCH002', 3, 1, 6),
	('SJB008', 'CRS004', 'SCH001', 2, 2, 7),
	('SJB008', 'CRS004', 'SCH002', 3, 1, 6),
	('SJB008', 'CRS005', 'SCH001', 2, 2, 7),
	('SJB008', 'CRS005', 'SCH002', 3, 1, 6),
	('SJB008', 'CRS006', 'SCH002', 3, 0, 0),
	('SJB008', 'CRS007', 'SCH001', 2, 2, 7),
	('SJB008', 'CRS007', 'SCH002', 3, 0, 0),
	('SJB008', 'CRS008', 'SCH001', 2, 2, 7),
	('SJB008', 'CRS008', 'SCH002', 3, 1, 6),
	('SJB008', 'CRS009', 'SCH002', 3, 1, 6),
	('SJB009', 'CRS001', 'SCH001', 3, 1, 3),
	('SJB009', 'CRS001', 'SCH002', 3, 1, 5),
	('SJB009', 'CRS0010', 'SCH001', 3, 1, 3),
	('SJB009', 'CRS0010', 'SCH002', 5, 2, 5),
	('SJB009', 'CRS0011', 'SCH001', 3, 1, 3),
	('SJB009', 'CRS0013', 'SCH001', 3, 1, 3),
	('SJB009', 'CRS0014', 'SCH001', 3, 1, 3),
	('SJB009', 'CRS0015', 'SCH001', 3, 0, 0),
	('SJB009', 'CRS0016', 'SCH001', 3, 1, 3),
	('SJB009', 'CRS002', 'SCH001', 3, 1, 3),
	('SJB009', 'CRS002', 'SCH002', 3, 1, 5),
	('SJB009', 'CRS002', 'SCH003', 4, 2, 2),
	('SJB009', 'CRS003', 'SCH001', 3, 1, 3),
	('SJB009', 'CRS003', 'SCH002', 3, 1, 5),
	('SJB009', 'CRS004', 'SCH001', 3, 1, 3),
	('SJB009', 'CRS004', 'SCH002', 3, 1, 5),
	('SJB009', 'CRS005', 'SCH001', 3, 1, 3),
	('SJB009', 'CRS005', 'SCH002', 3, 1, 5),
	('SJB009', 'CRS006', 'SCH001', 3, 1, 3),
	('SJB009', 'CRS006', 'SCH002', 3, 1, 5),
	('SJB009', 'CRS007', 'SCH001', 3, 1, 3),
	('SJB009', 'CRS007', 'SCH002', 4, 0, 0),
	('SJB009', 'CRS008', 'SCH001', 3, 1, 3),
	('SJB009', 'CRS008', 'SCH002', 5, 2, 5),
	('SJB009', 'CRS009', 'SCH001', 3, 1, 3),
	('SJB009', 'CRS009', 'SCH002', 5, 2, 5);
/*!40000 ALTER TABLE `study_plan` ENABLE KEYS */;

-- Dump della struttura di tabella timetable.subject
CREATE TABLE IF NOT EXISTS `subject` (
  `schoolID` varchar(7) NOT NULL,
  `subjectID` varchar(7) NOT NULL,
  `name` varchar(50) NOT NULL,
  PRIMARY KEY (`subjectID`,`schoolID`),
  KEY `FK_subject_school` (`schoolID`),
  CONSTRAINT `FK_subject_school` FOREIGN KEY (`schoolID`) REFERENCES `school` (`schoolID`)
) ENGINE=InnoDB DEFAULT CHARSET=latin1;

-- Dump dei dati della tabella timetable.subject: ~49 rows (circa)
/*!40000 ALTER TABLE `subject` DISABLE KEYS */;
INSERT INTO `subject` (`schoolID`, `subjectID`, `name`) VALUES
	('SCH001', 'SJB001', 'Lingua e letteratura italiana'),
	('SCH002', 'SJB001', 'Lingua e letteratura italiana'),
	('SCH003', 'SJB001', 'Tragedia Antica'),
	('SCH001', 'SJB0010', 'Economia aziendale'),
	('SCH002', 'SJB0010', 'Disegno e storia dell\'arte'),
	('SCH003', 'SJB0010', 'Il Teatro Moderno - Il \'900 '),
	('SCH001', 'SJB0011', 'Scienze motorie e sportive'),
	('SCH002', 'SJB0011', 'Scienze motorie e sportive'),
	('SCH003', 'SJB0011', 'La Commedia Moderna'),
	('SCH001', 'SJB0012', 'Religione cattolica'),
	('SCH002', 'SJB0012', 'Religione cattolica'),
	('SCH003', 'SJB0012', 'Satira e Parodia nell\'attualit'),
	('SCH001', 'SJB0013', 'Lingua Tedesca'),
	('SCH002', 'SJB0013', 'Informatica e sistemi automatici'),
	('SCH003', 'SJB0013', 'Regia - Direzione scenica'),
	('SCH001', 'SJB0014', 'Discipline turistiche e aziendali'),
	('SCH002', 'SJB0014', 'Lingua e cultura straniera'),
	('SCH001', 'SJB0015', 'Geografia turistica'),
	('SCH001', 'SJB0016', 'Diritto e legislazione turistica'),
	('SCH001', 'SJB0017', 'Arte e territorio'),
	('SCH001', 'SJB0018', 'Storia'),
	('SCH001', 'SJB0019', 'Diritto'),
	('SCH001', 'SJB002', 'Lingua inglese'),
	('SCH002', 'SJB002', 'Lingua e cultura latina'),
	('SCH003', 'SJB002', 'Tecniche narrative'),
	('SCH001', 'SJB0020', 'Economia politica'),
	('SCH001', 'SJB0021', 'Tecnologie della comunicazione'),
	('SCH001', 'SJB0022', 'Relazioni internazionali'),
	('SCH001', 'SJB003', 'Storia, Cittadinanza e Costituzione'),
	('SCH002', 'SJB003', 'Lingua straniera'),
	('SCH003', 'SJB003', 'Personaggio Teatrale'),
	('SCH001', 'SJB004', 'Matematica'),
	('SCH002', 'SJB004', 'Storia e geografia'),
	('SCH003', 'SJB004', 'Acting: Stanislavskij - Strasberg'),
	('SCH001', 'SJB005', 'Diritto ed Economia'),
	('SCH002', 'SJB005', 'Storia'),
	('SCH003', 'SJB005', 'Dramma poetico - Mel Comico'),
	('SCH001', 'SJB006', 'Scienze integrate'),
	('SCH002', 'SJB006', 'Filosofia'),
	('SCH003', 'SJB006', 'La Commedia dell\'Arte'),
	('SCH001', 'SJB007', 'Geografia'),
	('SCH002', 'SJB007', 'Matematica'),
	('SCH003', 'SJB007', 'Molire'),
	('SCH001', 'SJB008', 'Informatica'),
	('SCH002', 'SJB008', 'Fisica'),
	('SCH003', 'SJB008', 'Comicit - Ironia'),
	('SCH001', 'SJB009', 'Lingua Francese'),
	('SCH002', 'SJB009', 'Scienze naturali'),
	('SCH003', 'SJB009', 'Shakespeare - Teatro e Cinema');
/*!40000 ALTER TABLE `subject` ENABLE KEYS */;

-- Dump della struttura di tabella timetable.teacher
CREATE TABLE IF NOT EXISTS `teacher` (
  `teacherID` varchar(7) NOT NULL,
  `schoolID` varchar(7) NOT NULL,
  `name` varchar(50) NOT NULL,
  `surname` varchar(50) NOT NULL,
  `hoursWeek` int(11) NOT NULL,
  `freeDay` int(11) NOT NULL,
  PRIMARY KEY (`teacherID`,`schoolID`),
  KEY `FK_teacher_school` (`schoolID`),
  CONSTRAINT `FK_teacher_school` FOREIGN KEY (`schoolID`) REFERENCES `school` (`schoolID`)
) ENGINE=InnoDB DEFAULT CHARSET=latin1;

-- Dump dei dati della tabella timetable.teacher: ~96 rows (circa)
/*!40000 ALTER TABLE `teacher` DISABLE KEYS */;
INSERT INTO `teacher` (`teacherID`, `schoolID`, `name`, `surname`, `hoursWeek`, `freeDay`) VALUES
	('THC001', 'SCH001', 'Mario', 'Rossi', 22, 0),
	('THC001', 'SCH002', 'Giovanni', 'Verdi', 22, 0),
	('THC001', 'SCH003', 'Giovanni', 'Verdi', 12, 0),
	('THC0010', 'SCH001', 'Marina', 'Chiesa', 22, 0),
	('THC0010', 'SCH002', 'Elisa', 'Gatti', 22, 0),
	('THC0011', 'SCH001', 'Pino', 'Franco', 22, 5),
	('THC0011', 'SCH002', 'Maria', 'Parri', 22, 2),
	('THC0012', 'SCH001', 'Franca', 'Pane', 22, 4),
	('THC0012', 'SCH002', 'Lucio', 'Dini', 22, 1),
	('THC0013', 'SCH001', 'Federica', 'Lana', 22, 3),
	('THC0013', 'SCH002', 'Giovanni', 'Suni', 22, 2),
	('THC0014', 'SCH001', 'Giorgio', 'Penna', 22, 2),
	('THC0014', 'SCH002', 'Simone', 'Zeni', 22, 2),
	('THC0015', 'SCH001', 'Paolo', 'Nera', 22, 1),
	('THC0015', 'SCH002', 'Giusy', 'Terni', 22, 4),
	('THC0016', 'SCH001', 'Mario', 'Tavola', 22, 4),
	('THC0016', 'SCH002', 'Domenico', 'Vini', 22, 0),
	('THC0017', 'SCH001', 'Giovanni', 'Rana', 22, 0),
	('THC0017', 'SCH002', 'Sandro', 'Ghetti', 22, 4),
	('THC0018', 'SCH001', 'Maria', 'Passato', 22, 1),
	('THC0018', 'SCH002', 'Lorenzo', 'Secca', 22, 2),
	('THC0019', 'SCH001', 'Paolo', 'Fico', 22, 2),
	('THC0019', 'SCH002', 'Paolo', 'Polo', 22, 0),
	('THC002', 'SCH001', 'Giovanni', 'Verdi', 22, 0),
	('THC002', 'SCH002', 'Mario', 'Rossi', 22, 1),
	('THC002', 'SCH003', 'Luigi', 'Bianchi', 12, 1),
	('THC0020', 'SCH001', 'Marina', 'Salice', 22, 1),
	('THC0020', 'SCH002', 'Federico', 'Torre', 22, 1),
	('THC0021', 'SCH001', 'Grazia', 'Forbi', 22, 0),
	('THC0021', 'SCH002', 'Anna Maria', 'Ganti', 22, 4),
	('THC0022', 'SCH001', 'Domenico', 'Sarri', 22, 3),
	('THC0022', 'SCH002', 'Selenia', 'Dini', 22, 3),
	('THC0023', 'SCH001', 'Lorenzo', 'Grandi', 22, 1),
	('THC0023', 'SCH002', 'Mario', 'Tani', 22, 1),
	('THC0024', 'SCH001', 'Gino', 'Paoli', 22, 4),
	('THC0024', 'SCH002', 'Gennaro', 'Esposito', 22, 3),
	('THC0025', 'SCH001', 'Simone', 'Pinto', 22, 4),
	('THC0025', 'SCH002', 'Veronica', 'Ligni', 22, 1),
	('THC0026', 'SCH001', 'Emma', 'Martini', 22, 4),
	('THC0026', 'SCH002', 'Serafina', 'Cirri', 22, 1),
	('THC0027', 'SCH001', 'Federico', 'Grezi', 22, 3),
	('THC0027', 'SCH002', 'Franca', 'Navi', 22, 0),
	('THC0028', 'SCH001', 'Carlo', 'Frassi', 22, 2),
	('THC0028', 'SCH002', 'Barbara', 'Fini', 22, 2),
	('THC0029', 'SCH001', 'Paolo', 'Tara', 22, 5),
	('THC0029', 'SCH002', 'Daniele', 'Quadri', 22, 4),
	('THC003', 'SCH001', 'Marco', 'Bianchi', 22, 5),
	('THC003', 'SCH002', 'Giorgio', 'Bianchi', 22, 2),
	('THC003', 'SCH003', 'Marco', 'Rossi', 12, 2),
	('THC0030', 'SCH001', 'Luisa', 'Marini', 22, 5),
	('THC0030', 'SCH002', 'Eleonora', 'Heinz', 22, 4),
	('THC0031', 'SCH001', 'Giggio', 'Sini', 22, 3),
	('THC0032', 'SCH001', 'Paola', 'Terra', 22, 0),
	('THC0033', 'SCH001', 'Andrea', 'Lazza', 22, 2),
	('THC0034', 'SCH001', 'Thomas', 'Tull', 22, 5),
	('THC0035', 'SCH001', 'Linda', 'Lima', 22, 5),
	('THC0036', 'SCH001', 'Eric', 'Lavoiser', 22, 3),
	('THC0037', 'SCH001', 'Lorenzo', 'Grande', 22, 1),
	('THC0038', 'SCH001', 'Andrea', 'Rete', 22, 3),
	('THC0039', 'SCH001', 'Luisa', 'Paride', 22, 0),
	('THC004', 'SCH001', 'Luca', 'Gialli', 22, 2),
	('THC004', 'SCH002', 'Enrico', 'Sasso', 22, 3),
	('THC004', 'SCH003', 'Mario', 'Neri', 12, 3),
	('THC0040', 'SCH001', 'Anna Maria', 'Fossa', 22, 5),
	('THC0041', 'SCH001', 'Gennaro', 'Esposito', 22, 1),
	('THC0042', 'SCH001', 'Federica', 'Pini', 22, 2),
	('THC0043', 'SCH001', 'Giovanni', 'Ripari', 22, 0),
	('THC0044', 'SCH001', 'Marie', 'Foss', 22, 1),
	('THC0045', 'SCH001', 'Roberto', 'Lacca', 22, 3),
	('THC0046', 'SCH001', 'Marisa', 'Hitch', 22, 4),
	('THC0047', 'SCH001', 'Giulio', 'Granzi', 22, 3),
	('THC0048', 'SCH001', 'Sara', 'Nani', 22, 1),
	('THC0049', 'SCH001', 'Federico', 'Filli', 22, 3),
	('THC005', 'SCH001', 'Giorgio', 'Neri', 22, 2),
	('THC005', 'SCH002', 'Giulio', 'Neri', 22, 4),
	('THC005', 'SCH003', 'Maria', 'Dini', 12, 0),
	('THC0050', 'SCH001', 'Susanna', 'Grazzini', 22, 1),
	('THC0051', 'SCH001', 'Enrico', 'Rocchi', 22, 2),
	('THC0052', 'SCH001', 'Ilia', 'Grandi', 22, 5),
	('THC0053', 'SCH001', 'Piero', 'Fassi', 22, 3),
	('THC0054', 'SCH001', 'James', 'Einman', 22, 0),
	('THC0055', 'SCH001', 'Jessica', 'Rabi', 22, 3),
	('THC0056', 'SCH001', 'Amelie', 'Francois', 22, 2),
	('THC0057', 'SCH001', 'Giovanni', 'Ilmi', 22, 4),
	('THC0058', 'SCH001', 'Laura', 'Vine', 22, 1),
	('THC0059', 'SCH001', 'Paolo', 'Brini', 22, 5),
	('THC006', 'SCH001', 'Federico', 'Gatti', 22, 2),
	('THC006', 'SCH002', 'Federica', 'Marra', 22, 0),
	('THC006', 'SCH003', 'Luisa', 'Gini', 12, 1),
	('THC0060', 'SCH001', 'Anna', 'Ghini', 22, 4),
	('THC007', 'SCH001', 'Anna', 'Franchi', 22, 1),
	('THC007', 'SCH002', 'Pino', 'Segna', 22, 2),
	('THC008', 'SCH001', 'Maria', 'Sassi', 22, 1),
	('THC008', 'SCH002', 'Maria', 'Croce', 22, 3),
	('THC009', 'SCH001', 'Giulia', 'Gentile', 22, 5),
	('THC009', 'SCH002', 'Giorgia', 'Barra', 22, 4);
/*!40000 ALTER TABLE `teacher` ENABLE KEYS */;

/*!40101 SET SQL_MODE=IFNULL(@OLD_SQL_MODE, '') */;
/*!40014 SET FOREIGN_KEY_CHECKS=IF(@OLD_FOREIGN_KEY_CHECKS IS NULL, 1, @OLD_FOREIGN_KEY_CHECKS) */;
/*!40101 SET CHARACTER_SET_CLIENT=@OLD_CHARACTER_SET_CLIENT */;
